{"type":"FeatureCollection","generated":"2026-09-14","features":[{"type":"Feature","id":1,"geometry":{"type":"Point","coordinates":[-73.89262,40.82877]},"properties":{"id":"a-blend-of-services-1","org":"A Blend of Services","org_id":"a-blend-of-services","address":"937 Home Street, Bronx, 10459","geo_label":"937 HOME STREET, Bronx, NY, USA","borough":"Bronx","dba":"Going Deeper","website":"https://changingthebronx.org","phone":"(646) 698-1656","org_type":"501(c)(3) Nonprofit","service_locations":"937 Home Street"}},{"type":"Feature","id":2,"geometry":{"type":"Point","coordinates":[-73.82341,40.82039]},"properties":{"id":"a-blend-of-services-2","org":"A Blend of Services","org_id":"a-blend-of-services","address":"2774 Dewey Ave Bronx, NY 10465","geo_label":"2774 DEWEY AVENUE, Bronx, NY, USA","borough":"Bronx","dba":"Going Deeper","website":"https://changingthebronx.org","phone":"(646) 698-1656","org_type":"501(c)(3) Nonprofit","service_locations":"937 Home Street"}},{"type":"Feature","id":3,"geometry":{"type":"Point","coordinates":[-73.88065,40.87361]},"properties":{"id":"acacia-housing-and-preservation-1","org":"Acacia Housing and Preservation","org_id":"acacia-housing-and-preservation","address":"245 E. Mosholu Parkway North, Bronx, NY 10467","geo_label":"245 EAST MOSHOLU PARKWAY NORTH, Bronx, NY, USA","borough":"Bronx","dba":"","website":"https://acacianetwork.org","phone":"(516) 597-6774","org_type":"Nonprofit","service_locations":"Various locations throughout New York City"}},{"type":"Feature","id":4,"geometry":{"type":"Point","coordinates":[-73.89724,40.81731]},"properties":{"id":"acacia-housing-and-preservation-2","org":"Acacia Housing and Preservation","org_id":"acacia-housing-and-preservation","address":"748 Beck Street, Bronx, NY 10459","geo_label":"810 BECK STREET, Bronx, NY, USA","borough":"Bronx","dba":"","website":"https://acacianetwork.org","phone":"(516) 597-6774","org_type":"Nonprofit","service_locations":"Various locations throughout New York City"}},{"type":"Feature","id":5,"geometry":{"type":"Point","coordinates":[-73.89619,40.81794]},"properties":{"id":"acacia-housing-and-preservation-3","org":"Acacia Housing and Preservation","org_id":"acacia-housing-and-preservation","address":"847 Fox Street, Bronx, NY 10459","geo_label":"847 FOX STREET, Bronx, NY, USA","borough":"Bronx","dba":"","website":"https://acacianetwork.org","phone":"(516) 597-6774","org_type":"Nonprofit","service_locations":"Various locations throughout New York City"}},{"type":"Feature","id":6,"geometry":{"type":"Point","coordinates":[-73.90357,40.84614]},"properties":{"id":"acacia-housing-and-preservation-4","org":"Acacia Housing and Preservation","org_id":"acacia-housing-and-preservation","address":"1794 Anthony Avenue, Bronx, NY 10457","geo_label":"1794 ANTHONY AVENUE, Bronx, NY, USA","borough":"Bronx","dba":"","website":"https://acacianetwork.org","phone":"(516) 597-6774","org_type":"Nonprofit","service_locations":"Various locations throughout New York City"}},{"type":"Feature","id":7,"geometry":{"type":"Point","coordinates":[-73.91919,40.84736]},"properties":{"id":"acacia-housing-and-preservation-5","org":"Acacia Housing and Preservation","org_id":"acacia-housing-and-preservation","address":"1628 University Ave, Bronx, NY","geo_label":"1628 UNIVERSITY AVENUE, Bronx, NY, USA","borough":"Bronx","dba":"","website":"https://acacianetwork.org","phone":"(516) 597-6774","org_type":"Nonprofit","service_locations":"Various locations throughout New York City"}},{"type":"Feature","id":8,"geometry":{"type":"Point","coordinates":[-73.9067,40.81302]},"properties":{"id":"acacia-housing-and-preservation-6","org":"Acacia Housing and Preservation","org_id":"acacia-housing-and-preservation","address":"787 E. 149th Street, Bronx, NY 10455","geo_label":"787 EAST 149 STREET, Bronx, NY, USA","borough":"Bronx","dba":"","website":"https://acacianetwork.org","phone":"(516) 597-6774","org_type":"Nonprofit","service_locations":"Various locations throughout New York City"}},{"type":"Feature","id":9,"geometry":{"type":"Point","coordinates":[-73.91417,40.83101]},"properties":{"id":"acacia-housing-and-preservation-7","org":"Acacia Housing and Preservation","org_id":"acacia-housing-and-preservation","address":"1134 College Avenue, Bronx, NY 10456","geo_label":"1134 COLLEGE AVENUE, Bronx, NY, USA","borough":"Bronx","dba":"","website":"https://acacianetwork.org","phone":"(516) 597-6774","org_type":"Nonprofit","service_locations":"Various locations throughout New York City"}},{"type":"Feature","id":10,"geometry":{"type":"Point","coordinates":[-73.90707,40.83048]},"properties":{"id":"acacia-housing-and-preservation-8","org":"Acacia Housing and Preservation","org_id":"acacia-housing-and-preservation","address":"1186 Washington Avenue, Bronx, NY 10456","geo_label":"1186 WASHINGTON AVENUE, Bronx, NY, USA","borough":"Bronx","dba":"","website":"https://acacianetwork.org","phone":"(516) 597-6774","org_type":"Nonprofit","service_locations":"Various locations throughout New York City"}},{"type":"Feature","id":11,"geometry":{"type":"Point","coordinates":[-73.91311,40.83443]},"properties":{"id":"acacia-housing-and-preservation-9","org":"Acacia Housing and Preservation","org_id":"acacia-housing-and-preservation","address":"1254 Morris Avenue, Bronx, NY 10456","geo_label":"1254 MORRIS AVENUE, Bronx, NY, USA","borough":"Bronx","dba":"","website":"https://acacianetwork.org","phone":"(516) 597-6774","org_type":"Nonprofit","service_locations":"Various locations throughout New York City"}},{"type":"Feature","id":12,"geometry":{"type":"Point","coordinates":[-73.91753,40.81968]},"properties":{"id":"acacia-housing-and-preservation-10","org":"Acacia Housing and Preservation","org_id":"acacia-housing-and-preservation","address":"366 East 154th Street, Bronx, NY 10455","geo_label":"366 EAST 154 STREET, Bronx, NY, USA","borough":"Bronx","dba":"","website":"https://acacianetwork.org","phone":"(516) 597-6774","org_type":"Nonprofit","service_locations":"Various locations throughout New York City"}},{"type":"Feature","id":13,"geometry":{"type":"Point","coordinates":[-73.92938,40.83201]},"properties":{"id":"acacia-housing-and-preservation-11","org":"Acacia Housing and Preservation","org_id":"acacia-housing-and-preservation","address":"100 West 163rd Street, Bronx, NY 10452","geo_label":"100 WEST 163 STREET, Bronx, NY, USA","borough":"Bronx","dba":"","website":"https://acacianetwork.org","phone":"(516) 597-6774","org_type":"Nonprofit","service_locations":"Various locations throughout New York City"}},{"type":"Feature","id":14,"geometry":{"type":"Point","coordinates":[-73.92068,40.80665]},"properties":{"id":"acacia-housing-and-preservation-12","org":"Acacia Housing and Preservation","org_id":"acacia-housing-and-preservation","address":"190-192 Brown Place, Bronx, NY 10454","geo_label":"192 BROWN PLACE, Bronx, NY, USA","borough":"Bronx","dba":"","website":"https://acacianetwork.org","phone":"(516) 597-6774","org_type":"Nonprofit","service_locations":"Various locations throughout New York City"}},{"type":"Feature","id":15,"geometry":{"type":"Point","coordinates":[-73.90011,40.82919]},"properties":{"id":"acacia-housing-and-preservation-13","org":"Acacia Housing and Preservation","org_id":"acacia-housing-and-preservation","address":"783 East 168th Street, Bronx, NY 10456","geo_label":"783 EAST 168 STREET, Bronx, NY, USA","borough":"Bronx","dba":"","website":"https://acacianetwork.org","phone":"(516) 597-6774","org_type":"Nonprofit","service_locations":"Various locations throughout New York City"}},{"type":"Feature","id":16,"geometry":{"type":"Point","coordinates":[-73.9277,40.83112]},"properties":{"id":"acacia-housing-and-preservation-14","org":"Acacia Housing and Preservation","org_id":"acacia-housing-and-preservation","address":"954 Anderson Avenue, Bronx, NY 10452","geo_label":"954 ANDERSON AVENUE, Bronx, NY, USA","borough":"Bronx","dba":"","website":"https://acacianetwork.org","phone":"(516) 597-6774","org_type":"Nonprofit","service_locations":"Various locations throughout New York City"}},{"type":"Feature","id":17,"geometry":{"type":"Point","coordinates":[-73.92888,40.83514]},"properties":{"id":"acacia-housing-and-preservation-15","org":"Acacia Housing and Preservation","org_id":"acacia-housing-and-preservation","address":"1074 Summit Avenue, Bronx, NY 10452","geo_label":"1074 SUMMIT AVENUE, Bronx, NY, USA","borough":"Bronx","dba":"","website":"https://acacianetwork.org","phone":"(516) 597-6774","org_type":"Nonprofit","service_locations":"Various locations throughout New York City"}},{"type":"Feature","id":18,"geometry":{"type":"Point","coordinates":[-73.91746,40.81485]},"properties":{"id":"acacia-housing-and-preservation-16","org":"Acacia Housing and Preservation","org_id":"acacia-housing-and-preservation","address":"418 East 148th Street, Bronx, NY 10455","geo_label":"418 EAST 148 STREET, Bronx, NY, USA","borough":"Bronx","dba":"","website":"https://acacianetwork.org","phone":"(516) 597-6774","org_type":"Nonprofit","service_locations":"Various locations throughout New York City"}},{"type":"Feature","id":19,"geometry":{"type":"Point","coordinates":[-73.9228,40.8068]},"properties":{"id":"acacia-housing-and-preservation-17","org":"Acacia Housing and Preservation","org_id":"acacia-housing-and-preservation","address":"437 East 135th Street, Bronx, NY 10454","geo_label":"437 EAST 135 STREET, Bronx, NY, USA","borough":"Bronx","dba":"","website":"https://acacianetwork.org","phone":"(516) 597-6774","org_type":"Nonprofit","service_locations":"Various locations throughout New York City"}},{"type":"Feature","id":20,"geometry":{"type":"Point","coordinates":[-73.9021,40.82662]},"properties":{"id":"acacia-housing-and-preservation-18","org":"Acacia Housing and Preservation","org_id":"acacia-housing-and-preservation","address":"765 East 166th Street, Bronx, NY 10456","geo_label":"765 EAST 166 STREET, Bronx, NY, USA","borough":"Bronx","dba":"","website":"https://acacianetwork.org","phone":"(516) 597-6774","org_type":"Nonprofit","service_locations":"Various locations throughout New York City"}},{"type":"Feature","id":21,"geometry":{"type":"Point","coordinates":[-73.9059,40.81054]},"properties":{"id":"acacia-housing-and-preservation-19","org":"Acacia Housing and Preservation","org_id":"acacia-housing-and-preservation","address":"830 East 147th Street, Bronx, NY 10455","geo_label":"830 EAST 147 STREET, Bronx, NY, USA","borough":"Bronx","dba":"","website":"https://acacianetwork.org","phone":"(516) 597-6774","org_type":"Nonprofit","service_locations":"Various locations throughout New York City"}},{"type":"Feature","id":22,"geometry":{"type":"Point","coordinates":[-73.9042,40.82053]},"properties":{"id":"acacia-housing-and-preservation-20","org":"Acacia Housing and Preservation","org_id":"acacia-housing-and-preservation","address":"851 Tinton Avenue, Bronx, NY 10456","geo_label":"851 TINTON AVENUE, Bronx, NY, USA","borough":"Bronx","dba":"","website":"https://acacianetwork.org","phone":"(516) 597-6774","org_type":"Nonprofit","service_locations":"Various locations throughout New York City"}},{"type":"Feature","id":23,"geometry":{"type":"Point","coordinates":[-73.90783,40.81465]},"properties":{"id":"acacia-housing-and-preservation-21","org":"Acacia Housing and Preservation","org_id":"acacia-housing-and-preservation","address":"607 Concord Ave, Bronx, NY 10455","geo_label":"607 CONCORD AVENUE, Bronx, NY, USA","borough":"Bronx","dba":"","website":"https://acacianetwork.org","phone":"(516) 597-6774","org_type":"Nonprofit","service_locations":"Various locations throughout New York City"}},{"type":"Feature","id":24,"geometry":{"type":"Point","coordinates":[-73.93815,40.80987]},"properties":{"id":"acacia-housing-and-preservation-22","org":"Acacia Housing and Preservation","org_id":"acacia-housing-and-preservation","address":"25 E 131st Street, New York, NY 10037","geo_label":"25 EAST 131 STREET, New York, NY, USA","borough":"Bronx","dba":"","website":"https://acacianetwork.org","phone":"(516) 597-6774","org_type":"Nonprofit","service_locations":"Various locations throughout New York City"}},{"type":"Feature","id":25,"geometry":{"type":"Point","coordinates":[-73.9333,40.79742]},"properties":{"id":"acacia-housing-and-preservation-23","org":"Acacia Housing and Preservation","org_id":"acacia-housing-and-preservation","address":"418 East 119th Street, New York, NY 10035","geo_label":"418 EAST 119 STREET, New York, NY, USA","borough":"Bronx","dba":"","website":"https://acacianetwork.org","phone":"(516) 597-6774","org_type":"Nonprofit","service_locations":"Various locations throughout New York City"}},{"type":"Feature","id":26,"geometry":{"type":"Point","coordinates":[-73.93298,40.79889]},"properties":{"id":"acacia-housing-and-preservation-24","org":"Acacia Housing and Preservation","org_id":"acacia-housing-and-preservation","address":"401 East 120th Street, New York, NY 10035","geo_label":"401 EAST 120 STREET, New York, NY, USA","borough":"Bronx","dba":"","website":"https://acacianetwork.org","phone":"(516) 597-6774","org_type":"Nonprofit","service_locations":"Various locations throughout New York City"}},{"type":"Feature","id":27,"geometry":{"type":"Point","coordinates":[-73.93539,40.80085]},"properties":{"id":"acacia-housing-and-preservation-25","org":"Acacia Housing and Preservation","org_id":"acacia-housing-and-preservation","address":"250 E 117st, New York, NY 10035","geo_label":"250 EAST 122 STREET, New York, NY, USA","borough":"Bronx","dba":"","website":"https://acacianetwork.org","phone":"(516) 597-6774","org_type":"Nonprofit","service_locations":"Various locations throughout New York City"}},{"type":"Feature","id":28,"geometry":{"type":"Point","coordinates":[-73.9413,40.8014]},"properties":{"id":"acacia-housing-and-preservation-26","org":"Acacia Housing and Preservation","org_id":"acacia-housing-and-preservation","address":"1707 Park Avenue, New York, NY 10035","geo_label":"1707 PARK AVENUE, New York, NY, USA","borough":"Bronx","dba":"","website":"https://acacianetwork.org","phone":"(516) 597-6774","org_type":"Nonprofit","service_locations":"Various locations throughout New York City"}},{"type":"Feature","id":29,"geometry":{"type":"Point","coordinates":[-73.93526,40.84341]},"properties":{"id":"acacia-housing-and-preservation-27","org":"Acacia Housing and Preservation","org_id":"acacia-housing-and-preservation","address":"517 West 173rd Street, New York, NY 10032","geo_label":"517 WEST 173 STREET, New York, NY, USA","borough":"Bronx","dba":"","website":"https://acacianetwork.org","phone":"(516) 597-6774","org_type":"Nonprofit","service_locations":"Various locations throughout New York City"}},{"type":"Feature","id":30,"geometry":{"type":"Point","coordinates":[-73.9461,40.82529]},"properties":{"id":"acacia-housing-and-preservation-28","org":"Acacia Housing and Preservation","org_id":"acacia-housing-and-preservation","address":"454 West 146th Street, New York, NY 10031","geo_label":"454 WEST 146 STREET, New York, NY, USA","borough":"Bronx","dba":"","website":"https://acacianetwork.org","phone":"(516) 597-6774","org_type":"Nonprofit","service_locations":"Various locations throughout New York City"}},{"type":"Feature","id":31,"geometry":{"type":"Point","coordinates":[-73.94787,40.82346]},"properties":{"id":"acacia-housing-and-preservation-29","org":"Acacia Housing and Preservation","org_id":"acacia-housing-and-preservation","address":"458 West 143rd Street, New York, NY 10031","geo_label":"458 WEST 143 STREET, New York, NY, USA","borough":"Bronx","dba":"","website":"https://acacianetwork.org","phone":"(516) 597-6774","org_type":"Nonprofit","service_locations":"Various locations throughout New York City"}},{"type":"Feature","id":32,"geometry":{"type":"Point","coordinates":[-73.94624,40.82495]},"properties":{"id":"acacia-housing-and-preservation-30","org":"Acacia Housing and Preservation","org_id":"acacia-housing-and-preservation","address":"471 West 145th Street, New York, NY 10031","geo_label":"471 WEST 145 STREET, New York, NY, USA","borough":"Bronx","dba":"","website":"https://acacianetwork.org","phone":"(516) 597-6774","org_type":"Nonprofit","service_locations":"Various locations throughout New York City"}},{"type":"Feature","id":33,"geometry":{"type":"Point","coordinates":[-73.91463,40.812]},"properties":{"id":"acacia-housing-and-preservation-31","org":"Acacia Housing and Preservation","org_id":"acacia-housing-and-preservation","address":"443-45 St Ann's Avenue, Bronx, NY 10455","geo_label":"443 ST ANN'S AVENUE, Bronx, NY, USA","borough":"Bronx","dba":"","website":"https://acacianetwork.org","phone":"(516) 597-6774","org_type":"Nonprofit","service_locations":"Various locations throughout New York City"}},{"type":"Feature","id":34,"geometry":{"type":"Point","coordinates":[-73.91611,40.81199]},"properties":{"id":"acacia-housing-and-preservation-32","org":"Acacia Housing and Preservation","org_id":"acacia-housing-and-preservation","address":"512 E 145th Street, Bronx, NY 10454","geo_label":"512 EAST 145 STREET, Bronx, NY, USA","borough":"Bronx","dba":"","website":"https://acacianetwork.org","phone":"(516) 597-6774","org_type":"Nonprofit","service_locations":"Various locations throughout New York City"}},{"type":"Feature","id":35,"geometry":{"type":"Point","coordinates":[-73.91715,40.8106]},"properties":{"id":"acacia-housing-and-preservation-33","org":"Acacia Housing and Preservation","org_id":"acacia-housing-and-preservation","address":"370 Brook Avenue, Bronx, NY 10454","geo_label":"370 BROOK AVENUE, Bronx, NY, USA","borough":"Bronx","dba":"","website":"https://acacianetwork.org","phone":"(516) 597-6774","org_type":"Nonprofit","service_locations":"Various locations throughout New York City"}},{"type":"Feature","id":36,"geometry":{"type":"Point","coordinates":[-73.91678,40.81028]},"properties":{"id":"acacia-housing-and-preservation-34","org":"Acacia Housing and Preservation","org_id":"acacia-housing-and-preservation","address":"535 E 142nd Street, Bronx, NY 10454","geo_label":"535 EAST 142 STREET, Bronx, NY, USA","borough":"Bronx","dba":"","website":"https://acacianetwork.org","phone":"(516) 597-6774","org_type":"Nonprofit","service_locations":"Various locations throughout New York City"}},{"type":"Feature","id":37,"geometry":{"type":"Point","coordinates":[-73.91549,40.8116]},"properties":{"id":"acacia-housing-and-preservation-35","org":"Acacia Housing and Preservation","org_id":"acacia-housing-and-preservation","address":"545 E 144th Street, Bronx, NY 10454","geo_label":"545 EAST 144 STREET, Bronx, NY, USA","borough":"Bronx","dba":"","website":"https://acacianetwork.org","phone":"(516) 597-6774","org_type":"Nonprofit","service_locations":"Various locations throughout New York City"}},{"type":"Feature","id":38,"geometry":{"type":"Point","coordinates":[-73.88529,40.84117]},"properties":{"id":"acacia-housing-and-preservation-36","org":"Acacia Housing and Preservation","org_id":"acacia-housing-and-preservation","address":"1922 Crotona Pkway, Bronx, NY","geo_label":"1922 CROTONA PARKWAY, Bronx, NY, USA","borough":"Bronx","dba":"","website":"https://acacianetwork.org","phone":"(516) 597-6774","org_type":"Nonprofit","service_locations":"Various locations throughout New York City"}},{"type":"Feature","id":39,"geometry":{"type":"Point","coordinates":[-73.87062,40.82817]},"properties":{"id":"acacia-housing-and-preservation-37","org":"Acacia Housing and Preservation","org_id":"acacia-housing-and-preservation","address":"1131 Croes Avenue, Bronx, NY","geo_label":"1131 CROES AVENUE, Bronx, NY, USA","borough":"Bronx","dba":"","website":"https://acacianetwork.org","phone":"(516) 597-6774","org_type":"Nonprofit","service_locations":"Various locations throughout New York City"}},{"type":"Feature","id":40,"geometry":{"type":"Point","coordinates":[-73.89378,40.84229]},"properties":{"id":"acacia-housing-and-preservation-38","org":"Acacia Housing and Preservation","org_id":"acacia-housing-and-preservation","address":"701 Crotona Park North, Bronx, NY","geo_label":"701 CROTONA PARK NORTH, Bronx, NY, USA","borough":"Bronx","dba":"","website":"https://acacianetwork.org","phone":"(516) 597-6774","org_type":"Nonprofit","service_locations":"Various locations throughout New York City"}},{"type":"Feature","id":41,"geometry":{"type":"Point","coordinates":[-73.89365,40.84217]},"properties":{"id":"acacia-housing-and-preservation-39","org":"Acacia Housing and Preservation","org_id":"acacia-housing-and-preservation","address":"705 Crotona Park North, Bronx, NY","geo_label":"705 CROTONA PARK NO, Bronx, NY, USA","borough":"Bronx","dba":"","website":"https://acacianetwork.org","phone":"(516) 597-6774","org_type":"Nonprofit","service_locations":"Various locations throughout New York City"}},{"type":"Feature","id":42,"geometry":{"type":"Point","coordinates":[-73.91509,40.81012]},"properties":{"id":"acacia-housing-and-preservation-40","org":"Acacia Housing and Preservation","org_id":"acacia-housing-and-preservation","address":"370 St Ann's Avenue, Bronx, NY 10454","geo_label":"370 SAINT ANN'S AVENUE, Bronx, NY, USA","borough":"Bronx","dba":"","website":"https://acacianetwork.org","phone":"(516) 597-6774","org_type":"Nonprofit","service_locations":"Various locations throughout New York City"}},{"type":"Feature","id":43,"geometry":{"type":"Point","coordinates":[-73.91316,40.80465]},"properties":{"id":"acacia-housing-and-preservation-41","org":"Acacia Housing and Preservation","org_id":"acacia-housing-and-preservation","address":"231 Jackson Avenue, Bronx, NY 10454","geo_label":"231 JACKSON AVENUE, Bronx, NY, USA","borough":"Bronx","dba":"","website":"https://acacianetwork.org","phone":"(516) 597-6774","org_type":"Nonprofit","service_locations":"Various locations throughout New York City"}},{"type":"Feature","id":44,"geometry":{"type":"Point","coordinates":[-73.91869,40.81725]},"properties":{"id":"acacia-housing-and-preservation-42","org":"Acacia Housing and Preservation","org_id":"acacia-housing-and-preservation","address":"363 E. 150th Street, Bronx, NY 10455","geo_label":"363 EAST 150 STREET, Bronx, NY, USA","borough":"Bronx","dba":"","website":"https://acacianetwork.org","phone":"(516) 597-6774","org_type":"Nonprofit","service_locations":"Various locations throughout New York City"}},{"type":"Feature","id":45,"geometry":{"type":"Point","coordinates":[-73.90805,40.81]},"properties":{"id":"acacia-housing-and-preservation-43","org":"Acacia Housing and Preservation","org_id":"acacia-housing-and-preservation","address":"442 Wales Ave, Bronx, NY 10455","geo_label":"442 WALES AVENUE, Bronx, NY, USA","borough":"Bronx","dba":"","website":"https://acacianetwork.org","phone":"(516) 597-6774","org_type":"Nonprofit","service_locations":"Various locations throughout New York City"}},{"type":"Feature","id":46,"geometry":{"type":"Point","coordinates":[-73.91432,40.81411]},"properties":{"id":"acacia-housing-and-preservation-44","org":"Acacia Housing and Preservation","org_id":"acacia-housing-and-preservation","address":"531 E 148th Street, Bronx, NY 10455","geo_label":"531 EAST 148 STREET, Bronx, NY, USA","borough":"Bronx","dba":"","website":"https://acacianetwork.org","phone":"(516) 597-6774","org_type":"Nonprofit","service_locations":"Various locations throughout New York City"}},{"type":"Feature","id":47,"geometry":{"type":"Point","coordinates":[-73.91468,40.80498]},"properties":{"id":"acacia-housing-and-preservation-45","org":"Acacia Housing and Preservation","org_id":"acacia-housing-and-preservation","address":"673 E 137th Street, Bronx, NY 10454","geo_label":"673 EAST 137 STREET, Bronx, NY, USA","borough":"Bronx","dba":"","website":"https://acacianetwork.org","phone":"(516) 597-6774","org_type":"Nonprofit","service_locations":"Various locations throughout New York City"}},{"type":"Feature","id":48,"geometry":{"type":"Point","coordinates":[-73.91434,40.80525]},"properties":{"id":"acacia-housing-and-preservation-46","org":"Acacia Housing and Preservation","org_id":"acacia-housing-and-preservation","address":"674 E 138th Street, Bronx, NY 10454","geo_label":"674 EAST 138 STREET, Bronx, NY, USA","borough":"Bronx","dba":"","website":"https://acacianetwork.org","phone":"(516) 597-6774","org_type":"Nonprofit","service_locations":"Various locations throughout New York City"}},{"type":"Feature","id":49,"geometry":{"type":"Point","coordinates":[-73.91756,40.81789]},"properties":{"id":"acacia-housing-and-preservation-47","org":"Acacia Housing and Preservation","org_id":"acacia-housing-and-preservation","address":"389 E 151st Street, Bronx, NY 10455","geo_label":"389 EAST 151 STREET, Bronx, NY, USA","borough":"Bronx","dba":"","website":"https://acacianetwork.org","phone":"(516) 597-6774","org_type":"Nonprofit","service_locations":"Various locations throughout New York City"}},{"type":"Feature","id":50,"geometry":{"type":"Point","coordinates":[-73.91632,40.81791]},"properties":{"id":"acacia-housing-and-preservation-48","org":"Acacia Housing and Preservation","org_id":"acacia-housing-and-preservation","address":"408 E 152nd Street, Bronx, NY 10455","geo_label":"408 EAST 152 STREET, Bronx, NY, USA","borough":"Bronx","dba":"","website":"https://acacianetwork.org","phone":"(516) 597-6774","org_type":"Nonprofit","service_locations":"Various locations throughout New York City"}},{"type":"Feature","id":51,"geometry":{"type":"Point","coordinates":[-73.91826,40.81797]},"properties":{"id":"acacia-housing-and-preservation-49","org":"Acacia Housing and Preservation","org_id":"acacia-housing-and-preservation","address":"367 E 151st Street, Bronx, NY 10455","geo_label":"367 EAST 151 STREET, Bronx, NY, USA","borough":"Bronx","dba":"","website":"https://acacianetwork.org","phone":"(516) 597-6774","org_type":"Nonprofit","service_locations":"Various locations throughout New York City"}},{"type":"Feature","id":52,"geometry":{"type":"Point","coordinates":[-73.91646,40.81753]},"properties":{"id":"acacia-housing-and-preservation-50","org":"Acacia Housing and Preservation","org_id":"acacia-housing-and-preservation","address":"415 E 151st Street, Bronx, NY 10455","geo_label":"415 EAST 151 STREET, Bronx, NY, USA","borough":"Bronx","dba":"","website":"https://acacianetwork.org","phone":"(516) 597-6774","org_type":"Nonprofit","service_locations":"Various locations throughout New York City"}},{"type":"Feature","id":53,"geometry":{"type":"Point","coordinates":[-73.91637,40.81751]},"properties":{"id":"acacia-housing-and-preservation-51","org":"Acacia Housing and Preservation","org_id":"acacia-housing-and-preservation","address":"417 E 151st Street, Bronx, NY 10455","geo_label":"417 EAST 151 STREET, Bronx, NY, USA","borough":"Bronx","dba":"","website":"https://acacianetwork.org","phone":"(516) 597-6774","org_type":"Nonprofit","service_locations":"Various locations throughout New York City"}},{"type":"Feature","id":54,"geometry":{"type":"Point","coordinates":[-73.91634,40.81977]},"properties":{"id":"acacia-housing-and-preservation-52","org":"Acacia Housing and Preservation","org_id":"acacia-housing-and-preservation","address":"689 Melrose Avenue, Bronx, NY 10455","geo_label":"689 MELROSE AVENUE, Bronx, NY, USA","borough":"Bronx","dba":"","website":"https://acacianetwork.org","phone":"(516) 597-6774","org_type":"Nonprofit","service_locations":"Various locations throughout New York City"}},{"type":"Feature","id":55,"geometry":{"type":"Point","coordinates":[-73.91756,40.82043]},"properties":{"id":"acacia-housing-and-preservation-53","org":"Acacia Housing and Preservation","org_id":"acacia-housing-and-preservation","address":"712 Courtlandt Avenue, Bronx, NY 10451","geo_label":"712 COURTLANDT AVENUE, Bronx, NY, USA","borough":"Bronx","dba":"","website":"https://acacianetwork.org","phone":"(516) 597-6774","org_type":"Nonprofit","service_locations":"Various locations throughout New York City"}},{"type":"Feature","id":56,"geometry":{"type":"Point","coordinates":[-73.9047,40.84355]},"properties":{"id":"acacia-housing-and-preservation-54","org":"Acacia Housing and Preservation","org_id":"acacia-housing-and-preservation","address":"1680 Clay Avenue, Bronx, NY 10457","geo_label":"1680 CLAY AVENUE, Bronx, NY, USA","borough":"Bronx","dba":"","website":"https://acacianetwork.org","phone":"(516) 597-6774","org_type":"Nonprofit","service_locations":"Various locations throughout New York City"}},{"type":"Feature","id":57,"geometry":{"type":"Point","coordinates":[-73.9044,40.84437]},"properties":{"id":"acacia-housing-and-preservation-55","org":"Acacia Housing and Preservation","org_id":"acacia-housing-and-preservation","address":"1705 Anthony Avenue, Bronx, NY 10457","geo_label":"1705 ANTHONY AVENUE, Bronx, NY, USA","borough":"Bronx","dba":"","website":"https://acacianetwork.org","phone":"(516) 597-6774","org_type":"Nonprofit","service_locations":"Various locations throughout New York City"}},{"type":"Feature","id":58,"geometry":{"type":"Point","coordinates":[-73.92919,40.83547]},"properties":{"id":"acacia-housing-and-preservation-56","org":"Acacia Housing and Preservation","org_id":"acacia-housing-and-preservation","address":"1087 Summit Avenue, Bronx, NY 10452","geo_label":"1087 SUMMIT AVENUE, Bronx, NY, USA","borough":"Bronx","dba":"","website":"https://acacianetwork.org","phone":"(516) 597-6774","org_type":"Nonprofit","service_locations":"Various locations throughout New York City"}},{"type":"Feature","id":59,"geometry":{"type":"Point","coordinates":[-73.90605,40.84448]},"properties":{"id":"acacia-housing-and-preservation-57","org":"Acacia Housing and Preservation","org_id":"acacia-housing-and-preservation","address":"1707 Topping Avenue, Bronx, NY 10457","geo_label":"1707 TOPPING AVENUE, Bronx, NY, USA","borough":"Bronx","dba":"","website":"https://acacianetwork.org","phone":"(516) 597-6774","org_type":"Nonprofit","service_locations":"Various locations throughout New York City"}},{"type":"Feature","id":60,"geometry":{"type":"Point","coordinates":[-73.92315,40.83934]},"properties":{"id":"acacia-housing-and-preservation-58","org":"Acacia Housing and Preservation","org_id":"acacia-housing-and-preservation","address":"88 West 169th Street, Bronx, NY 10452","geo_label":"88 WEST 169 STREET, Bronx, NY, USA","borough":"Bronx","dba":"","website":"https://acacianetwork.org","phone":"(516) 597-6774","org_type":"Nonprofit","service_locations":"Various locations throughout New York City"}},{"type":"Feature","id":61,"geometry":{"type":"Point","coordinates":[-73.93,40.83137]},"properties":{"id":"acacia-housing-and-preservation-59","org":"Acacia Housing and Preservation","org_id":"acacia-housing-and-preservation","address":"934 Ogden Avenue, Bronx, NY 10457","geo_label":"934 OGDEN AVENUE, Bronx, NY, USA","borough":"Bronx","dba":"","website":"https://acacianetwork.org","phone":"(516) 597-6774","org_type":"Nonprofit","service_locations":"Various locations throughout New York City"}},{"type":"Feature","id":62,"geometry":{"type":"Point","coordinates":[-73.92802,40.83076]},"properties":{"id":"acacia-housing-and-preservation-60","org":"Acacia Housing and Preservation","org_id":"acacia-housing-and-preservation","address":"946 Anderson Avenue, Bronx, NY 10452","geo_label":"946 ANDERSON AVENUE, Bronx, NY, USA","borough":"Bronx","dba":"","website":"https://acacianetwork.org","phone":"(516) 597-6774","org_type":"Nonprofit","service_locations":"Various locations throughout New York City"}},{"type":"Feature","id":63,"geometry":{"type":"Point","coordinates":[-73.90016,40.82173]},"properties":{"id":"acacia-housing-and-preservation-3-64-column-p-udated-1","org":"Acacia Housing and Preservation 3-64 Column P udated","org_id":"acacia-housing-and-preservation-3-64-column-p-udated","address":"920 Prospect Avenue, Bronx, NY 10459","geo_label":"920 PROSPECT AVENUE, Bronx, NY, USA","borough":"Bronx","dba":"","website":"https://acacianetwork.org","phone":"(516) 597-6774","org_type":"Nonprofit","service_locations":"Various locations throughout New York City"}},{"type":"Feature","id":64,"geometry":{"type":"Point","coordinates":[-74.01693,40.64605]},"properties":{"id":"academy-of-medical-and-public-services-1","org":"Academy of Medical and Public Services","org_id":"academy-of-medical-and-public-services","address":"5306 3rd Ave, 2nd Floor, Brooklyn, NY 11220","geo_label":"5306 3 AVENUE, Brooklyn, NY, USA","borough":"Brooklyn","dba":"RaisingHealth Partners","website":"https://raisinghealth.org","phone":"(609) 510-3367","org_type":"501(c)(3) Nonprofit","service_locations":"Sunset Park, Brooklyn - at our office addresses (provided on previous page)"}},{"type":"Feature","id":65,"geometry":{"type":"Point","coordinates":[-74.00529,40.65239]},"properties":{"id":"academy-of-medical-and-public-services-2","org":"Academy of Medical and Public Services","org_id":"academy-of-medical-and-public-services","address":"423 39th Street, 3rd Floor, Brooklyn, NY 11232","geo_label":"423 39 STREET, Brooklyn, NY, USA","borough":"Brooklyn","dba":"RaisingHealth Partners","website":"https://raisinghealth.org","phone":"(609) 510-3367","org_type":"501(c)(3) Nonprofit","service_locations":"Sunset Park, Brooklyn - at our office addresses (provided on previous page)"}},{"type":"Feature","id":66,"geometry":{"type":"Point","coordinates":[-73.93655,40.82573]},"properties":{"id":"aempowerments-global-foundation-inc-1","org":"Aempowerments Global Foundation Inc.","org_id":"aempowerments-global-foundation-inc","address":"2622 Adam Clayton Powell Jr Blvd NYC NY 10039","geo_label":"2622 ADAM CLAYTON POWELL JR BOULEVARD, New York, NY, USA","borough":"Manhattan","dba":"Aempowerment","website":"","phone":"(332) 201-5438","org_type":"501(c)(3) Nonprofit","service_locations":"Harlem, Nyc"}},{"type":"Feature","id":67,"geometry":{"type":"Point","coordinates":[-73.88633,40.66616]},"properties":{"id":"agape-community-resource-food-access-program-1","org":"Agape Community Resource & Food Access Program","org_id":"agape-community-resource-food-access-program","address":"817 Livonia Ave Brooklyn, NY 11207","geo_label":"817 LIVONIA AVENUE, Brooklyn, NY, USA","borough":"Brooklyn","dba":"","website":"","phone":"(718) 502-1928","org_type":"501(c)(3) Nonprofit","service_locations":"Main Location"}},{"type":"Feature","id":68,"geometry":{"type":"Point","coordinates":[-73.90902,40.66032]},"properties":{"id":"agape-community-resource-food-access-program-2","org":"Agape Community Resource & Food Access Program","org_id":"agape-community-resource-food-access-program","address":"461 Chester St Brooklyn, NY 11212","geo_label":"461 CHESTER STREET, Brooklyn, NY, USA","borough":"Brooklyn","dba":"","website":"","phone":"(718) 502-1928","org_type":"501(c)(3) Nonprofit","service_locations":"Main Location"}},{"type":"Feature","id":69,"geometry":{"type":"Point","coordinates":[-73.93564,40.85316]},"properties":{"id":"agudath-israel-of-america-community-services-inc-1","org":"Agudath Israel of America, Community Services, Inc.","org_id":"agudath-israel-of-america-community-services-inc","address":"90 Bennett Avenue, NY, NY 10033","geo_label":"90 BENNETT AVENUE, New York, NY, USA","borough":"Manhattan","dba":"Moriah Senior Center","website":"https://moriahseniorcenter.org","phone":"(212) 923-5715","org_type":"501(c)(3) Nonprofit CBO Older Adult Center","service_locations":"90 Bennett Avenue, NY NY 10033"}},{"type":"Feature","id":70,"geometry":{"type":"Point","coordinates":[-73.97896,40.64322]},"properties":{"id":"astra-home-care-1","org":"Astra Home Care","org_id":"astra-home-care","address":"117 Church Ave Brooklyn, NY 11218","geo_label":"117 CHURCH AVENUE, Brooklyn, NY, USA","borough":"Citywide","dba":"True Care Home Care","website":"https://truecareny.com","phone":"(917) 757-3839","org_type":"Community-Based Organization","service_locations":"391 EAST 149TH STREET SUITE 201 BRONX, NY 10455"}},{"type":"Feature","id":71,"geometry":{"type":"Point","coordinates":[-73.97865,40.64338]},"properties":{"id":"astra-home-care-2","org":"Astra Home Care","org_id":"astra-home-care","address":"125 Church Ave, Brooklyn, NY 11218","geo_label":"125 CHURCH AVENUE, Brooklyn, NY, USA","borough":"Citywide","dba":"True Care Home Care","website":"https://truecareny.com","phone":"(917) 757-3839","org_type":"Community-Based Organization","service_locations":"391 EAST 149TH STREET SUITE 201 BRONX, NY 10455"}},{"type":"Feature","id":72,"geometry":{"type":"Point","coordinates":[-74.00602,40.63312]},"properties":{"id":"astra-home-care-3","org":"Astra Home Care","org_id":"astra-home-care","address":"6020 Fort Hamilton Pkwy, Brooklyn, NY 11219","geo_label":"6020 FORT HAMILTON PARKWAY, Brooklyn, NY, USA","borough":"Citywide","dba":"True Care Home Care","website":"https://truecareny.com","phone":"(917) 757-3839","org_type":"Community-Based Organization","service_locations":"391 EAST 149TH STREET SUITE 201 BRONX, NY 10455"}},{"type":"Feature","id":73,"geometry":{"type":"Point","coordinates":[-73.9181,40.81645]},"properties":{"id":"astra-home-care-4","org":"Astra Home Care","org_id":"astra-home-care","address":"391 E 149th St, Suite 201, Bronx, NY 10455","geo_label":"391 EAST 149 STREET, Bronx, NY, USA","borough":"Citywide","dba":"True Care Home Care","website":"https://truecareny.com","phone":"(917) 757-3839","org_type":"Community-Based Organization","service_locations":"391 EAST 149TH STREET SUITE 201 BRONX, NY 10455"}},{"type":"Feature","id":74,"geometry":{"type":"Point","coordinates":[-73.93846,40.84742]},"properties":{"id":"astra-home-care-5","org":"Astra Home Care","org_id":"astra-home-care","address":"4175 Broadway, New York, NY 10033","geo_label":"4175 B'WAY, New York, NY, USA","borough":"Citywide","dba":"True Care Home Care","website":"https://truecareny.com","phone":"(917) 757-3839","org_type":"Community-Based Organization","service_locations":"391 EAST 149TH STREET SUITE 201 BRONX, NY 10455"}},{"type":"Feature","id":75,"geometry":{"type":"Point","coordinates":[-73.79501,40.70513]},"properties":{"id":"astra-home-care-6","org":"Astra Home Care","org_id":"astra-home-care","address":"92-10 165th St, 2nd Floor, Jamaica, NY 11433","geo_label":"92-10 165 STREET, Jamaica, NY, USA","borough":"Citywide","dba":"True Care Home Care","website":"https://truecareny.com","phone":"(917) 757-3839","org_type":"Community-Based Organization","service_locations":"391 EAST 149TH STREET SUITE 201 BRONX, NY 10455"}},{"type":"Feature","id":76,"geometry":{"type":"Point","coordinates":[-74.09422,40.5843]},"properties":{"id":"astra-home-care-7","org":"Astra Home Care","org_id":"astra-home-care","address":"1838 Hylan Boulevard, Staten Island, NY 10305","geo_label":"1838 HYLAN BOULEVARD, Staten Island, NY, USA","borough":"Citywide","dba":"True Care Home Care","website":"https://truecareny.com","phone":"(917) 757-3839","org_type":"Community-Based Organization","service_locations":"391 EAST 149TH STREET SUITE 201 BRONX, NY 10455"}},{"type":"Feature","id":77,"geometry":{"type":"Point","coordinates":[-73.93293,40.6832]},"properties":{"id":"bath-and-groom-corp-1","org":"Bath and Groom, Corp.","org_id":"bath-and-groom-corp","address":"473 Macon Street Brooklyn NY 11233","geo_label":"473 MACON STREET, Brooklyn, NY, USA","borough":"Brooklyn","dba":"BAGC","website":"https://bathandgroom.org","phone":"(347) 986-5578","org_type":"501(c)(3) Nonprofit","service_locations":"Remote services currently"}},{"type":"Feature","id":78,"geometry":{"type":"Point","coordinates":[-73.94077,40.65147]},"properties":{"id":"black-chamber-of-commerce-of-new-york-city-inc-1","org":"Black Chamber of Commerce of New York City Inc","org_id":"black-chamber-of-commerce-of-new-york-city-inc","address":"3903 Church Avenue, Brooklyn, NY 11203","geo_label":"3903 CHURCH AVENUE, Brooklyn, NY, USA","borough":"Brooklyn","dba":"New York City Black Chamber of Commerce","website":"https://bccnyc.org","phone":"(917) 328-9653","org_type":"501(c)(3) Nonprofit","service_locations":"Brooklyn (we also have workshops in Manhattan"}},{"type":"Feature","id":79,"geometry":{"type":"Point","coordinates":[-73.90824,40.86083]},"properties":{"id":"black-girls-can-heal-inc-1","org":"Black Girls Can Heal, Inc.","org_id":"black-girls-can-heal-inc","address":"2277 Andrews Avenue North Bronx, NY 10468","geo_label":"2277 ANDREWS AVENUE NORTH, Bronx, NY, USA","borough":"Bronx","dba":"","website":"https://blackgirlscanheal.org","phone":"(718) 255-3322","org_type":"501(c)(3) Nonprofit","service_locations":"Services and outreach initiatives take place throughout the Bronx, NY and surrounding communities through virtual programming, community centers, parks, schools, churches, and public community-based event spaces."}},{"type":"Feature","id":80,"geometry":{"type":"Point","coordinates":[-73.9426,40.69491]},"properties":{"id":"black-veterans-for-social-justice-1","org":"Black Veterans for Social Justice","org_id":"black-veterans-for-social-justice","address":"665 Willoughby Avenue, Brooklyn, NY 11206","geo_label":"665 WILLOUGHBY AVENUE, Brooklyn, NY, USA","borough":"Brooklyn","dba":"","website":"https://bvsj.org","phone":"(917) 968-8240","org_type":"501(c)(3) Nonprofit","service_locations":"665 Willoughby Avenue; 1448 Sterling Place; Brooklyn"}},{"type":"Feature","id":81,"geometry":{"type":"Point","coordinates":[-73.93067,40.67125]},"properties":{"id":"black-veterans-for-social-justice-2","org":"Black Veterans for Social Justice","org_id":"black-veterans-for-social-justice","address":"1448 Sterling Avenue, Brooklyn, NY 11213","geo_label":"1448 STERLING PLACE, Brooklyn, NY, USA","borough":"Brooklyn","dba":"","website":"https://bvsj.org","phone":"(917) 968-8240","org_type":"501(c)(3) Nonprofit","service_locations":"665 Willoughby Avenue; 1448 Sterling Place; Brooklyn"}},{"type":"Feature","id":82,"geometry":{"type":"Point","coordinates":[-73.89813,40.82707]},"properties":{"id":"bridging-africa-and-black-america-incorporated-1","org":"Bridging Africa and Black America Incorporated","org_id":"bridging-africa-and-black-america-incorporated","address":"1224 PROSPECT AVE APT 7A BRONX, NY 10459","geo_label":"1224 PROSPECT AVENUE, Bronx, NY, USA","borough":"Bronx","dba":"BABA Inc.","website":"https://instagram.com/baba.unity?igsh=OTI2c2R4enFneHpo","phone":"(917) 238-2644","org_type":"501(c)(3) Nonprofit","service_locations":"BABA Inc. delivers services across two confirmed community sites, rotating monthly to maximize geographic reach across the Bronx and Harlem: Site 1 ? Bronx Location: Davidson Community Center 1221 Prospect Avenue, Bronx, NY 10459 (Primary site ? first pantry delivery May 28, 2026) Site 2 ? Harlem Location: Frederick Samuel Community Center 669 Malcolm X Blvd, Harlem, NY 10037 (Rotating monthly beginning June 2026) Both sites serve Community Districts 7?17 and are accessible by public transportation. Additional program activities, including the UBUNTU Project and emergency preparedness training, take place at and around these sites and within the surrounding neighborhoods. UBUNTU Block Clean-ups will span Community Districts 7-17, the Culminating Mural Project/Event will be located on W126th Street in Harlem between Amsterdam and Morningside Avenues."}},{"type":"Feature","id":83,"geometry":{"type":"Point","coordinates":[-73.89941,40.82742]},"properties":{"id":"bridging-africa-and-black-america-incorporated-2","org":"Bridging Africa and Black America Incorporated","org_id":"bridging-africa-and-black-america-incorporated","address":"1221 Prospect Avenue Bronx, NY 10459","geo_label":"1221 PROSPECT AVENUE, Bronx, NY, USA","borough":"Bronx","dba":"BABA Inc.","website":"https://instagram.com/baba.unity?igsh=OTI2c2R4enFneHpo","phone":"(917) 238-2644","org_type":"501(c)(3) Nonprofit","service_locations":"BABA Inc. delivers services across two confirmed community sites, rotating monthly to maximize geographic reach across the Bronx and Harlem: Site 1 ? Bronx Location: Davidson Community Center 1221 Prospect Avenue, Bronx, NY 10459 (Primary site ? first pantry delivery May 28, 2026) Site 2 ? Harlem Location: Frederick Samuel Community Center 669 Malcolm X Blvd, Harlem, NY 10037 (Rotating monthly beginning June 2026) Both sites serve Community Districts 7?17 and are accessible by public transportation. Additional program activities, including the UBUNTU Project and emergency preparedness training, take place at and around these sites and within the surrounding neighborhoods. UBUNTU Block Clean-ups will span Community Districts 7-17, the Culminating Mural Project/Event will be located on W126th Street in Harlem between Amsterdam and Morningside Avenues."}},{"type":"Feature","id":84,"geometry":{"type":"Point","coordinates":[-73.93731,40.81968]},"properties":{"id":"bridging-africa-and-black-america-incorporated-3","org":"Bridging Africa and Black America Incorporated","org_id":"bridging-africa-and-black-america-incorporated","address":"669 Malcolm X Blvd Harlem, NY 10037","geo_label":"669 MALCOLM X BOULEVARD, New York, NY, USA","borough":"Bronx","dba":"BABA Inc.","website":"https://instagram.com/baba.unity?igsh=OTI2c2R4enFneHpo","phone":"(917) 238-2644","org_type":"501(c)(3) Nonprofit","service_locations":"BABA Inc. delivers services across two confirmed community sites, rotating monthly to maximize geographic reach across the Bronx and Harlem: Site 1 ? Bronx Location: Davidson Community Center 1221 Prospect Avenue, Bronx, NY 10459 (Primary site ? first pantry delivery May 28, 2026) Site 2 ? Harlem Location: Frederick Samuel Community Center 669 Malcolm X Blvd, Harlem, NY 10037 (Rotating monthly beginning June 2026) Both sites serve Community Districts 7?17 and are accessible by public transportation. Additional program activities, including the UBUNTU Project and emergency preparedness training, take place at and around these sites and within the surrounding neighborhoods. UBUNTU Block Clean-ups will span Community Districts 7-17, the Culminating Mural Project/Event will be located on W126th Street in Harlem between Amsterdam and Morningside Avenues."}},{"type":"Feature","id":85,"geometry":{"type":"Point","coordinates":[-73.9652,40.80709]},"properties":{"id":"broadway-community-inc-1","org":"Broadway Community, Inc","org_id":"broadway-community-inc","address":"601 W 114th St, New York, NY 10025","geo_label":"601 WEST 114 STREET, New York, NY, USA","borough":"Manhattan","dba":"","website":"https://broadwaycommunity.org","phone":"(212) 864 6100 x120","org_type":"501(c)(3) Nonprofit","service_locations":"Upper West Side/Morningside Heights"}},{"type":"Feature","id":86,"geometry":{"type":"Point","coordinates":[-73.85713,40.82341]},"properties":{"id":"bronx-community-board-9-1","org":"Bronx Community Board 9","org_id":"bronx-community-board-9","address":"1967 Turnbull Ave, Suite 201, Bronx, NY 10473","geo_label":"1967 TURNBULL AVENUE, Bronx, NY, USA","borough":"Bronx","dba":"","website":"https://nyc.gov/bxcb9","phone":"(646) 938-0576","org_type":"Government Agency","service_locations":"CB9 Office, 1967 Turnbull Avenue Suite 201"}},{"type":"Feature","id":87,"geometry":{"type":"Point","coordinates":[-73.96343,40.64905]},"properties":{"id":"camba-inc-1","org":"CAMBA, Inc.","org_id":"camba-inc","address":"1720 Church Avenue, Brooklyn, NY 11226","geo_label":"1720 CHURCH AVENUE, Brooklyn, NY, USA","borough":"Brooklyn","dba":"CAMBA","website":"https://camba.org","phone":"(917) 936-9191","org_type":"501(c)(3) Nonprofit","service_locations":"21 Snyder Ave, Brooklyn, NY 11226"}},{"type":"Feature","id":88,"geometry":{"type":"Point","coordinates":[-73.95773,40.64905]},"properties":{"id":"camba-inc-2","org":"CAMBA, Inc.","org_id":"camba-inc","address":"21 Snyder Avenue, Brooklyn, NY 11226","geo_label":"21 SNYDER AVENUE, Brooklyn, NY, USA","borough":"Brooklyn","dba":"CAMBA","website":"https://camba.org","phone":"(917) 936-9191","org_type":"501(c)(3) Nonprofit","service_locations":"21 Snyder Ave, Brooklyn, NY 11226"}},{"type":"Feature","id":89,"geometry":{"type":"Point","coordinates":[-73.99176,40.69282]},"properties":{"id":"catholic-charities-brooklyn-queens-1","org":"CATHOLIC CHARITIES BROOKLYN & QUEENS","org_id":"catholic-charities-brooklyn-queens","address":"191 Joralemon St, Brooklyn, NY 11201","geo_label":"191 JORALEMON STREET, Brooklyn, NY, USA","borough":"Brooklyn","dba":"OFFICE OF MISSION","website":"https://ccbq.org","phone":"(347) 585-7524","org_type":"Community-Based Organization","service_locations":"191 JORALEMON STREET"}},{"type":"Feature","id":90,"geometry":{"type":"Point","coordinates":[-74.07998,40.62843]},"properties":{"id":"central-family-life-center-inc-1","org":"Central Family Life Center, Inc.","org_id":"central-family-life-center-inc","address":"393 Van Duzer Street, Staten Island, NY 10304","geo_label":"393 VAN DUZER STREET, Staten Island, NY, USA","borough":"Staten Island","dba":"Central Family Life Center","website":"https://centralfamilylifecenter.org","phone":"(718) 273-8414","org_type":"501(c)(3) Nonprofit","service_locations":"Varies. On-site location: CFLC office, offsite location could be in 10301, 10302, 10303, 10304, 10310. Virtual is also a possibility to support community engagement via Zoom."}},{"type":"Feature","id":91,"geometry":{"type":"Point","coordinates":[-73.8795,40.86992]},"properties":{"id":"christ-disciples-international-ministries-inc-1","org":"Christ Disciples International Ministries, Inc","org_id":"christ-disciples-international-ministries-inc","address":"399 East Mosholu Parkway North, Bronx, NY 10467","geo_label":"399 EAST MOSHOLU PARKWAY NORTH, Bronx, NY, USA","borough":"Bronx","dba":"Christ Disciples International Food Program","website":"https://christdisciples.org","phone":"(646) 294-7726","org_type":"Faith-Based Organization","service_locations":"3031 Webster Avenue, Bronx, NY 10467"}},{"type":"Feature","id":92,"geometry":{"type":"Point","coordinates":[-73.8795,40.86992]},"properties":{"id":"christ-disciples-international-ministries-inc-2","org":"Christ Disciples International Ministries, Inc","org_id":"christ-disciples-international-ministries-inc","address":"3031 Webster Avenue, Bronx, NY 10467","geo_label":"3031 WEBSTER AVENUE, Bronx, NY, USA","borough":"Bronx","dba":"Christ Disciples International Food Program","website":"https://christdisciples.org","phone":"(646) 294-7726","org_type":"Faith-Based Organization","service_locations":"3031 Webster Avenue, Bronx, NY 10467"}},{"type":"Feature","id":93,"geometry":{"type":"Point","coordinates":[-73.94717,40.80488]},"properties":{"id":"christ-jesus-baptist-church-1","org":"Christ Jesus Baptist Church","org_id":"christ-jesus-baptist-church","address":"214 Lenox Ave, New York, NY 10027","geo_label":"214 LENOX AVENUE, New York, NY, USA","borough":"Manhattan","dba":"","website":"","phone":"(347) 388-5992","org_type":"Faith-Based Organization","service_locations":"431 Southern Blvd, Bronx, NY 10455"}},{"type":"Feature","id":94,"geometry":{"type":"Point","coordinates":[-73.90775,40.80955]},"properties":{"id":"christ-jesus-baptist-church-2","org":"Christ Jesus Baptist Church","org_id":"christ-jesus-baptist-church","address":"431 Southern Blvd, Bronx, NY 10455","geo_label":"431 SOUTHERN BOULEVARD, Bronx, NY, USA","borough":"Manhattan","dba":"","website":"","phone":"(347) 388-5992","org_type":"Faith-Based Organization","service_locations":"431 Southern Blvd, Bronx, NY 10455"}},{"type":"Feature","id":95,"geometry":{"type":"Point","coordinates":[-73.94455,40.66879]},"properties":{"id":"church-of-st-mark-food-pantry-1","org":"Church of St Mark Food Pantry","org_id":"church-of-st-mark-food-pantry","address":"1417 Union Street Brooklyn, NY 11213","geo_label":"1417 UNION STREET, Brooklyn, NY, USA","borough":"Brooklyn","dba":"Church of St Mark Food Pantry.","website":"https://stmarkbrooklyn.org","phone":"(917) 903-9536","org_type":"Faith-Based Organization","service_locations":"1417 Union Street, Brooklyn. 11213"}},{"type":"Feature","id":96,"geometry":{"type":"Point","coordinates":[-74.00073,40.74994]},"properties":{"id":"city-relief-inc-1","org":"CITY RELIEF, INC.","org_id":"city-relief-inc","address":"Chelsea Park, West 28th Street between 9th Avenue and 10th Avenue, New York, NY 10001","geo_label":"CHELSEA PARK, New York, NY, USA","borough":"Bronx","dba":"City Relief","website":"https://cityrelief.org","phone":"(646) 685-4346","org_type":"501(c)(3) Nonprofit","service_locations":"(see addresses in question \"additional locations\")"}},{"type":"Feature","id":97,"geometry":{"type":"Point","coordinates":[-73.93929,40.81556]},"properties":{"id":"city-relief-inc-2","org":"CITY RELIEF, INC.","org_id":"city-relief-inc","address":"Salvation Army Harlem Temple, 540 Malcolm X Blvd at West 138th Street, New York, NY 10037","geo_label":"540 MALCOLM X BOULEVARD, New York, NY, USA","borough":"Bronx","dba":"City Relief","website":"https://cityrelief.org","phone":"(646) 685-4346","org_type":"501(c)(3) Nonprofit","service_locations":"(see addresses in question \"additional locations\")"}},{"type":"Feature","id":98,"geometry":{"type":"Point","coordinates":[-73.91513,40.81403]},"properties":{"id":"city-relief-inc-3","org":"CITY RELIEF, INC.","org_id":"city-relief-inc","address":"Brooke Ave between East 147th Street and East 148th Street, Bronx, NY 10455","geo_label":"Hand-placed. Two problems: the input spells it 'Brooke Ave' (the street is Brook Avenue), and it names a block between two cross-streets. GeoSearch is Pelias, which resolves addresses and places but NOT intersections, so no query text fixes this. Coordinate is 510 Brook Avenue, the mid-block addressed point between E 147th and E 148th St, geocoded 2026-09-14. City Relief runs mobile outreach on this block, so a block-level placement is the honest precision.","borough":"Bronx","dba":"City Relief","website":"https://cityrelief.org","phone":"(646) 685-4346","org_type":"501(c)(3) Nonprofit","service_locations":"(see addresses in question \"additional locations\")"}},{"type":"Feature","id":99,"geometry":{"type":"Point","coordinates":[-73.72327,40.76086]},"properties":{"id":"common-point-ny-1","org":"Common Point NY","org_id":"common-point-ny","address":"58-20 Little Neck Parkway Little Neck NY 11362","geo_label":"58-20 LITTLE NECK PARKWAY, Little Neck, NY, USA","borough":"Queens","dba":"Invisible Hands","website":"https://commonpoint.org","phone":"(917) 696-8788","org_type":"Community-Based Organization","service_locations":"Same as above"}},{"type":"Feature","id":100,"geometry":{"type":"Point","coordinates":[-73.84709,40.72872]},"properties":{"id":"common-point-ny-2","org":"Common Point NY","org_id":"common-point-ny","address":"67-09 108 Street, Forest Hills, NY 11375","geo_label":"67-09 108 STREET, Forest Hills, NY, USA","borough":"Queens","dba":"Invisible Hands","website":"https://commonpoint.org","phone":"(917) 696-8788","org_type":"Community-Based Organization","service_locations":"Same as above"}},{"type":"Feature","id":101,"geometry":{"type":"Point","coordinates":[-73.88648,40.73892]},"properties":{"id":"common-point-ny-3","org":"Common Point NY","org_id":"common-point-ny","address":"77-17 Queens Blvd, Queens, NY","geo_label":"77-17 QUEENS BOULEVARD, Elmhurst, NY, USA","borough":"Queens","dba":"Invisible Hands","website":"https://commonpoint.org","phone":"(917) 696-8788","org_type":"Community-Based Organization","service_locations":"Same as above"}},{"type":"Feature","id":102,"geometry":{"type":"Point","coordinates":[-73.90599,40.84645]},"properties":{"id":"divine-revelation-ministry-1","org":"Divine Revelation Ministry","org_id":"divine-revelation-ministry","address":"240 East 175th Street Lower level Bronx, NY 10457","geo_label":"240 EAST 175 STREET, Bronx, NY, USA","borough":"Bronx","dba":"Revelacion Divina Food Pantry","website":"https://revelaciondivinany.org","phone":"(646) 238-4237","org_type":"501(c)(3) Nonprofit","service_locations":"240 East 175th Street Lower level Bronx, NY 10457"}},{"type":"Feature","id":103,"geometry":{"type":"Point","coordinates":[-73.98834,40.71398]},"properties":{"id":"educational-alliance-1","org":"Educational Alliance","org_id":"educational-alliance","address":"197 East Broadway, New York, NY 10002","geo_label":"197 EAST B'WAY, New York, NY, USA","borough":"Manhattan","dba":"Manny Cantor Center","website":"https://mannycantor.org/mcc-changemakers/volunteer-opportunities/","phone":"(646) 395-4101 x4562","org_type":"501(c)(3) Nonprofit","service_locations":"197 East Broadway New York, NY 10002"}},{"type":"Feature","id":104,"geometry":{"type":"Point","coordinates":[-73.86123,40.75756]},"properties":{"id":"elmcor-youth-adult-activities-inc-1","org":"Elmcor Youth & Adult Activities, Inc","org_id":"elmcor-youth-adult-activities-inc","address":"107-20 Northen Blvd, Corona, NY 11368","geo_label":"107-20 NORTHERN BOULEVARD, North Corona, NY, USA","borough":"Queens","dba":"Elmcor Youth & Adult Activities, Inc","website":"https://elmcor.org","phone":"(718) 650-0196","org_type":"501(c)(3) Nonprofit","service_locations":"107-20 Northen Blvd"}},{"type":"Feature","id":105,"geometry":{"type":"Point","coordinates":[-73.98559,40.76152]},"properties":{"id":"encore-community-services-1","org":"Encore Community Services","org_id":"encore-community-services","address":"239 W 49th St, New York, NY 10019","geo_label":"239 WEST 49 STREET, New York, NY, USA","borough":"Manhattan","dba":"Encore Community Services","website":"https://encorenyc.org","phone":"(646) 494-8353","org_type":"501(c)(3) Nonprofit","service_locations":"Either the 49th St or 10th Ave locations"}},{"type":"Feature","id":106,"geometry":{"type":"Point","coordinates":[-73.99139,40.76571]},"properties":{"id":"encore-community-services-2","org":"Encore Community Services","org_id":"encore-community-services","address":"755 10th Ave, New York, NY 10019","geo_label":"755 10 AVENUE, New York, NY, USA","borough":"Manhattan","dba":"Encore Community Services","website":"https://encorenyc.org","phone":"(646) 494-8353","org_type":"501(c)(3) Nonprofit","service_locations":"Either the 49th St or 10th Ave locations"}},{"type":"Feature","id":107,"geometry":{"type":"Point","coordinates":[-73.90129,40.86162]},"properties":{"id":"every-day-is-a-miracle-1","org":"EVERY DAY IS A MIRACLE","org_id":"every-day-is-a-miracle","address":"2424 Jerome Ave, Bronx, NY 10468","geo_label":"2424 JEROME AVENUE, Bronx, NY, USA","borough":"Bronx","dba":"","website":"https://edmnyc.org","phone":"(646) 671-4360","org_type":"501(c)(3) Nonprofit","service_locations":"2424 Jerome ave, 2626 east tremont"}},{"type":"Feature","id":108,"geometry":{"type":"Point","coordinates":[-73.87977,40.83924]},"properties":{"id":"every-day-is-a-miracle-2","org":"EVERY DAY IS A MIRACLE","org_id":"every-day-is-a-miracle","address":"1970 West Farm Rd, Bronx, NY 10460","geo_label":"1970 WEST FARMS ROAD, Bronx, NY, USA","borough":"Bronx","dba":"","website":"https://edmnyc.org","phone":"(646) 671-4360","org_type":"501(c)(3) Nonprofit","service_locations":"2424 Jerome ave, 2626 east tremont"}},{"type":"Feature","id":109,"geometry":{"type":"Point","coordinates":[-73.98918,40.72254]},"properties":{"id":"evloves-llc-1","org":"EVLoves LLC","org_id":"evloves-llc","address":"201 Allen St. Unit 10193 New York, NY 10002","geo_label":"201 ALLEN STREET, New York, NY, USA","borough":"Manhattan","dba":"EVLovesNYC","website":"https://evloves.nyc","phone":"(646) 770-2621","org_type":"501(c)(3) Nonprofit","service_locations":"281 7th St. New York, NY 10009"}},{"type":"Feature","id":110,"geometry":{"type":"Point","coordinates":[-73.97661,40.72351]},"properties":{"id":"evloves-llc-2","org":"EVLoves LLC","org_id":"evloves-llc","address":"281 E 7th St, New York, NY 10009","geo_label":"281 EAST 7 STREET, New York, NY, USA","borough":"Manhattan","dba":"EVLovesNYC","website":"https://evloves.nyc","phone":"(646) 770-2621","org_type":"501(c)(3) Nonprofit","service_locations":"281 7th St. New York, NY 10009"}},{"type":"Feature","id":111,"geometry":{"type":"Point","coordinates":[-73.99222,40.75526]},"properties":{"id":"gay-men-s-health-crisis-1","org":"Gay Men's Health Crisis","org_id":"gay-men-s-health-crisis","address":"307 W 38th Street, NY, NY 10018","geo_label":"307 WEST 38 STREET, New York, NY, USA","borough":"Manhattan","dba":"Meals Program/The Volunteer Center","website":"https://gmhc.org","phone":"(212) 367-1327","org_type":"501(c)(3) Nonprofit","service_locations":"307 W 38th Street, NY, NY 10018 - 5th Floor"}},{"type":"Feature","id":112,"geometry":{"type":"Point","coordinates":[-73.93431,40.61983]},"properties":{"id":"grant-house-unity-corp-1","org":"Grant House Unity Corp.","org_id":"grant-house-unity-corp","address":"2046 Flatbush Avenue, Brooklyn NY 11234","geo_label":"2046 FLATBUSH AVENUE, Brooklyn, NY, USA","borough":"Brooklyn","dba":"","website":"https://granthouseunity.com","phone":"(631) 652-3700","org_type":"501(c)(3) Nonprofit","service_locations":"2046 Flatbush Avenue, Brooklyn NY 11234"}},{"type":"Feature","id":113,"geometry":{"type":"Point","coordinates":[-74.00216,40.57274]},"properties":{"id":"gvb-1","org":"GVB","org_id":"gvb","address":"3001 West 37 Street Brooklyn NY 11224","geo_label":"3001 WEST 37 STREET, Brooklyn, NY, USA","borough":"Brooklyn","dba":"DYCD","website":"https://jccgci.org","phone":"(718)449-5000 x2260","org_type":"501(c)(3) Nonprofit","service_locations":"3001 West 37 Street Brooklyn NY 11235"}},{"type":"Feature","id":114,"geometry":{"type":"Point","coordinates":[-73.96711,40.57611]},"properties":{"id":"gvb-2","org":"GVB","org_id":"gvb","address":"128 Brighton Beach ave Brooklyn NY 11235","geo_label":"128 BRIGHTON BEACH AVENUE, Brooklyn, NY, USA","borough":"Brooklyn","dba":"DYCD","website":"https://jccgci.org","phone":"(718)449-5000 x2260","org_type":"501(c)(3) Nonprofit","service_locations":"3001 West 37 Street Brooklyn NY 11235"}},{"type":"Feature","id":115,"geometry":{"type":"Point","coordinates":[-73.95311,40.81068]},"properties":{"id":"harlem-independent-living-center-inc-1","org":"Harlem Independent Living Center, Inc.","org_id":"harlem-independent-living-center-inc","address":"289 St. Nicholas Avenue, Lower Level, Suite 21, New York, NY 10027","geo_label":"289 SAINT NICHOLAS' AVENUE, New York, NY, USA","borough":"Manhattan","dba":"Harlem Independent Living Center (HILC)","website":"https://hilc.org","phone":"(212) 222-7122","org_type":"501(c)(3) Nonprofit","service_locations":"Primarily at HILC?s office at 289 St. Nicholas Avenue, Lower Level, Suite 21, New York, NY 10027, with additional opportunities at community-based locations throughout Harlem and New York City as part of outreach events and programming."}},{"type":"Feature","id":116,"geometry":{"type":"Point","coordinates":[-73.90302,40.81211]},"properties":{"id":"health-people-1","org":"Health People","org_id":"health-people","address":"552 Southern Blvd, Bronx, NY 10455","geo_label":"552 SOUTHERN BOULEVARD, Bronx, NY, USA","borough":"Bronx","dba":"","website":"https://healthpeople.org","phone":"(646) 267-1397","org_type":"501(c)(3) Nonprofit","service_locations":"552 Southern Blvd. Bronx NY 10455, and throughout the South Bronx"}},{"type":"Feature","id":117,"geometry":{"type":"Point","coordinates":[-73.98451,40.71402]},"properties":{"id":"henry-street-settlement-1","org":"Henry Street Settlement","org_id":"henry-street-settlement","address":"265 Henry Street, New York, NY 10002","geo_label":"265 HENRY STREET, New York, NY, USA","borough":"Manhattan","dba":"Henry Street Settlement","website":"https://henrystreet.org","phone":"(212)766-9200 x2224","org_type":"501(c)(3) Nonprofit","service_locations":"All program and administrative sites"}},{"type":"Feature","id":118,"geometry":{"type":"Point","coordinates":[-73.98435,40.71409]},"properties":{"id":"henry-street-settlement-2","org":"Henry Street Settlement","org_id":"henry-street-settlement","address":"269 Henry Street, New York, NY","geo_label":"269 HENRY STREET, New York, NY, USA","borough":"Manhattan","dba":"Henry Street Settlement","website":"https://henrystreet.org","phone":"(212)766-9200 x2224","org_type":"501(c)(3) Nonprofit","service_locations":"All program and administrative sites"}},{"type":"Feature","id":119,"geometry":{"type":"Point","coordinates":[-73.98272,40.71426]},"properties":{"id":"henry-street-settlement-3","org":"Henry Street Settlement","org_id":"henry-street-settlement","address":"301 Henry Street, New York, NY","geo_label":"301 HENRY STREET, New York, NY, USA","borough":"Manhattan","dba":"Henry Street Settlement","website":"https://henrystreet.org","phone":"(212)766-9200 x2224","org_type":"501(c)(3) Nonprofit","service_locations":"All program and administrative sites"}},{"type":"Feature","id":120,"geometry":{"type":"Point","coordinates":[-73.98233,40.71425]},"properties":{"id":"henry-street-settlement-4","org":"Henry Street Settlement","org_id":"henry-street-settlement","address":"309 Henry Street, New York, NY","geo_label":"309 HENRY STREET, New York, NY, USA","borough":"Manhattan","dba":"Henry Street Settlement","website":"https://henrystreet.org","phone":"(212)766-9200 x2224","org_type":"501(c)(3) Nonprofit","service_locations":"All program and administrative sites"}},{"type":"Feature","id":121,"geometry":{"type":"Point","coordinates":[-73.98566,40.71266]},"properties":{"id":"henry-street-settlement-5","org":"Henry Street Settlement","org_id":"henry-street-settlement","address":"40 Montgomery Street, New York, NY","geo_label":"40 MONTGOMERY STREET, New York, NY, USA","borough":"Manhattan","dba":"Henry Street Settlement","website":"https://henrystreet.org","phone":"(212)766-9200 x2224","org_type":"501(c)(3) Nonprofit","service_locations":"All program and administrative sites"}},{"type":"Feature","id":122,"geometry":{"type":"Point","coordinates":[-73.98235,40.71359]},"properties":{"id":"henry-street-settlement-6","org":"Henry Street Settlement","org_id":"henry-street-settlement","address":"367 Madison Street, New York, NY","geo_label":"367 MADISON STREET, New York, NY, USA","borough":"Manhattan","dba":"Henry Street Settlement","website":"https://henrystreet.org","phone":"(212)766-9200 x2224","org_type":"501(c)(3) Nonprofit","service_locations":"All program and administrative sites"}},{"type":"Feature","id":123,"geometry":{"type":"Point","coordinates":[-73.98278,40.71283]},"properties":{"id":"henry-street-settlement-7","org":"Henry Street Settlement","org_id":"henry-street-settlement","address":"334 Madison Street, New York, NY","geo_label":"334 MADISON STREET, New York, NY, USA","borough":"Manhattan","dba":"Henry Street Settlement","website":"https://henrystreet.org","phone":"(212)766-9200 x2224","org_type":"501(c)(3) Nonprofit","service_locations":"All program and administrative sites"}},{"type":"Feature","id":124,"geometry":{"type":"Point","coordinates":[-73.98377,40.71536]},"properties":{"id":"henry-street-settlement-8","org":"Henry Street Settlement","org_id":"henry-street-settlement","address":"466 Grand Street, New York, NY","geo_label":"466 GRAND STREET, New York, NY, USA","borough":"Manhattan","dba":"Henry Street Settlement","website":"https://henrystreet.org","phone":"(212)766-9200 x2224","org_type":"501(c)(3) Nonprofit","service_locations":"All program and administrative sites"}},{"type":"Feature","id":125,"geometry":{"type":"Point","coordinates":[-73.97773,40.72067]},"properties":{"id":"henry-street-settlement-9","org":"Henry Street Settlement","org_id":"henry-street-settlement","address":"24 Avenue D, New York, NY","geo_label":"24 AVENUE D, New York, NY, USA","borough":"Manhattan","dba":"Henry Street Settlement","website":"https://henrystreet.org","phone":"(212)766-9200 x2224","org_type":"501(c)(3) Nonprofit","service_locations":"All program and administrative sites"}},{"type":"Feature","id":126,"geometry":{"type":"Point","coordinates":[-73.97625,40.72177]},"properties":{"id":"henry-street-settlement-10","org":"Henry Street Settlement","org_id":"henry-street-settlement","address":"888 East 6th Street, New York, NY","geo_label":"888 EAST 6 STREET, New York, NY, USA","borough":"Manhattan","dba":"Henry Street Settlement","website":"https://henrystreet.org","phone":"(212)766-9200 x2224","org_type":"501(c)(3) Nonprofit","service_locations":"All program and administrative sites"}},{"type":"Feature","id":127,"geometry":{"type":"Point","coordinates":[-73.98574,40.71706]},"properties":{"id":"henry-street-settlement-11","org":"Henry Street Settlement","org_id":"henry-street-settlement","address":"178 Broome Street, New York, NY","geo_label":"178 BROOME STREET, New York, NY, USA","borough":"Manhattan","dba":"Henry Street Settlement","website":"https://henrystreet.org","phone":"(212)766-9200 x2224","org_type":"501(c)(3) Nonprofit","service_locations":"All program and administrative sites"}},{"type":"Feature","id":128,"geometry":{"type":"Point","coordinates":[-73.98015,40.72123]},"properties":{"id":"henry-street-settlement-12","org":"Henry Street Settlement","org_id":"henry-street-settlement","address":"282 East 3rd Street, New York, NY","geo_label":"282 EAST 3 STREET, New York, NY, USA","borough":"Manhattan","dba":"Henry Street Settlement","website":"https://henrystreet.org","phone":"(212)766-9200 x2224","org_type":"501(c)(3) Nonprofit","service_locations":"All program and administrative sites"}},{"type":"Feature","id":129,"geometry":{"type":"Point","coordinates":[-73.97986,40.72118]},"properties":{"id":"henry-street-settlement-13","org":"Henry Street Settlement","org_id":"henry-street-settlement","address":"290 East 3rd Street, New York, NY","geo_label":"290 EAST 3 STREET, New York, NY, USA","borough":"Manhattan","dba":"Henry Street Settlement","website":"https://henrystreet.org","phone":"(212)766-9200 x2224","org_type":"501(c)(3) Nonprofit","service_locations":"All program and administrative sites"}},{"type":"Feature","id":130,"geometry":{"type":"Point","coordinates":[-73.97611,40.72249]},"properties":{"id":"henry-street-settlement-14","org":"Henry Street Settlement","org_id":"henry-street-settlement","address":"80 Avenue D, New York, NY","geo_label":"80 AVENUE D, New York, NY, USA","borough":"Manhattan","dba":"Henry Street Settlement","website":"https://henrystreet.org","phone":"(212)766-9200 x2224","org_type":"501(c)(3) Nonprofit","service_locations":"All program and administrative sites"}},{"type":"Feature","id":131,"geometry":{"type":"Point","coordinates":[-74.01175,40.70576]},"properties":{"id":"hunger-free-america-inc-1","org":"Hunger Free America, Inc","org_id":"hunger-free-america-inc","address":"50 Broad St, Suite 1504, New York, NY 10004","geo_label":"50 BROAD STREET, New York, NY, USA","borough":"Manhattan","dba":"","website":"https://hungerfreeamerica.org","phone":"(646) 553-1547","org_type":"501(c)(3) Nonprofit","service_locations":"Various locations around NYC with partners on our portal https://volunteer.hungerfreeamerica.org or virtually with Hunger Free America"}},{"type":"Feature","id":132,"geometry":{"type":"Point","coordinates":[-73.9201,40.82771]},"properties":{"id":"hunger-free-america-inc-2","org":"Hunger Free America, Inc","org_id":"hunger-free-america-inc","address":"938 Sheridan Ave, Bronx, NY, 10451","geo_label":"938 SHERIDAN AVENUE, Bronx, NY, USA","borough":"Manhattan","dba":"","website":"https://hungerfreeamerica.org","phone":"(646) 553-1547","org_type":"501(c)(3) Nonprofit","service_locations":"Various locations around NYC with partners on our portal https://volunteer.hungerfreeamerica.org or virtually with Hunger Free America"}},{"type":"Feature","id":133,"geometry":{"type":"Point","coordinates":[-73.91505,40.66999]},"properties":{"id":"international-youth-charity-foundation-1","org":"International Youth Charity Foundation","org_id":"international-youth-charity-foundation","address":"10 Amboy Street, Brooklyn NY 11212","geo_label":"10 AMBOY STREET, Brooklyn, NY, USA","borough":"Brooklyn","dba":"Charity","website":"https://internationalyouthcharityfoundation.org","phone":"(718) 346-4760","org_type":"Community-Based Organization","service_locations":"service take place at different location by visiting clients."}},{"type":"Feature","id":134,"geometry":{"type":"Point","coordinates":[-73.94452,40.75561]},"properties":{"id":"jacob-a-riis-neighborhood-settlement-1","org":"Jacob A. Riis Neighborhood Settlement","org_id":"jacob-a-riis-neighborhood-settlement","address":"10-25 41st Avenue, Long Island City, NY 11101","geo_label":"10-25 41 AVENUE, Long Island City, NY, USA","borough":"Queens","dba":"","website":"https://riissettlement.org","phone":"(718)784-7447","org_type":"501(c)(3) Nonprofit","service_locations":"Riis Settlement Community Center: 10-25 41st Avenue, Long Island City, NY 11101"}},{"type":"Feature","id":135,"geometry":{"type":"Point","coordinates":[-73.99123,40.75399]},"properties":{"id":"jewish-association-for-services-for-the-aged-1","org":"Jewish Association for Services for the Aged","org_id":"jewish-association-for-services-for-the-aged","address":"247 West 37th St. 9th fl, New York, NY 10018","geo_label":"247 WEST 37 STREET, New York, NY, USA","borough":"Manhattan","dba":"JASA","website":"https://jasa.org","phone":"(718) 365-4420","org_type":"501(c)(3) Nonprofit","service_locations":"sites across NYC"}},{"type":"Feature","id":136,"geometry":{"type":"Point","coordinates":[-73.94123,40.59887]},"properties":{"id":"kings-bay-ym-ywha-1","org":"Kings Bay YM-YWHA","org_id":"kings-bay-ym-ywha","address":"3495 Nostrand Avenue, Brooklyn, New York 11229","geo_label":"3495 NOSTRAND AVENUE, Brooklyn, NY, USA","borough":"Brooklyn","dba":"","website":"https://kingsbayy.org","phone":"(718) 648-7703 x229","org_type":"501(c)(3) Nonprofit","service_locations":"3495 Nostrand Avenue, Brooklyn NY 11229"}},{"type":"Feature","id":137,"geometry":{"type":"Point","coordinates":[-73.90494,40.82755]},"properties":{"id":"manna-of-life-ministries-inc-1","org":"Manna of Life Ministries Inc","org_id":"manna-of-life-ministries-inc","address":"1101 Boston Road, Bronx, NY 10456","geo_label":"1101 BOSTON ROAD, Bronx, NY, USA","borough":"Bronx","dba":"Manna of Life Ministries Food Pantry and Soup Kitchen","website":"https://mannaoflife.org","phone":"(917) 562-9631","org_type":"501(c)(3) Nonprofit","service_locations":"1101 Boston Road, Bronx, NY 10456"}},{"type":"Feature","id":138,"geometry":{"type":"Point","coordinates":[-73.88727,40.84489]},"properties":{"id":"mary-mitchell-family-and-youth-center-inc-1","org":"Mary Mitchell Family and Youth Center, Inc.","org_id":"mary-mitchell-family-and-youth-center-inc","address":"2007 Mapes Avenue Bronx, NY 10460","geo_label":"2007 MAPES AVENUE, Bronx, NY, USA","borough":"Bronx","dba":"Mary Mitchell Center","website":"https://themarymitchellfyc.org","phone":"(914) 810-4115","org_type":"501(c)(3) Nonprofit","service_locations":"LFV Farmers Market Tuesday - East Tremont & Arthur Avenue/LaFontaine, Meal & Pantry Distribution - 2007 Mapes Avenue Bronx, NY 10460, Park Cleanup - Meet at 2007 Mapes Avenue Bronx, NY 10460 (Cleanups take place at Mapes Park or Walter Gladwin Park)"}},{"type":"Feature","id":139,"geometry":{"type":"Point","coordinates":[-73.98649,40.74152]},"properties":{"id":"meadowseed-initiative-1","org":"Meadowseed Initiative","org_id":"meadowseed-initiative","address":"11 Madison Avenue, New York, NY 10010","geo_label":"11 MADISON AVENUE, New York, NY, USA","borough":"Manhattan","dba":"Seed tenders","website":"","phone":"(330) 555-5555","org_type":"501(c)(3) Nonprofit","service_locations":"5 Boroughs"}},{"type":"Feature","id":140,"geometry":{"type":"Point","coordinates":[-74.01335,40.70277]},"properties":{"id":"metropolitan-new-york-coordinating-council-on-jewish-poverty-1","org":"Metropolitan New York Coordinating Council on Jewish Poverty","org_id":"metropolitan-new-york-coordinating-council-on-jewish-poverty","address":"1 State St 24th Floor, New York, NY 10004","geo_label":"1 STATE STREET, New York, NY, USA","borough":"Manhattan","dba":"Met Council Volunteer Services","website":"https://metcouncil.org","phone":"(212) 338-1855","org_type":"501(c)(3) Nonprofit","service_locations":"5361 Preston Ct, Brooklyn, NY 11234; 1271 60th St, Brooklyn, NY 11219; other partner locations in Brooklyn, Queens, and Manhattan"}},{"type":"Feature","id":141,"geometry":{"type":"Point","coordinates":[-73.92386,40.63892]},"properties":{"id":"metropolitan-new-york-coordinating-council-on-jewish-poverty-2","org":"Metropolitan New York Coordinating Council on Jewish Poverty","org_id":"metropolitan-new-york-coordinating-council-on-jewish-poverty","address":"5361 Preston Ct, Brooklyn, NY 11234","geo_label":"5361 PRESTON COURT, Brooklyn, NY, USA","borough":"Manhattan","dba":"Met Council Volunteer Services","website":"https://metcouncil.org","phone":"(212) 338-1855","org_type":"501(c)(3) Nonprofit","service_locations":"5361 Preston Ct, Brooklyn, NY 11234; 1271 60th St, Brooklyn, NY 11219; other partner locations in Brooklyn, Queens, and Manhattan"}},{"type":"Feature","id":142,"geometry":{"type":"Point","coordinates":[-73.99881,40.62939]},"properties":{"id":"metropolitan-new-york-coordinating-council-on-jewish-poverty-3","org":"Metropolitan New York Coordinating Council on Jewish Poverty","org_id":"metropolitan-new-york-coordinating-council-on-jewish-poverty","address":"1271 60th St, Brooklyn, NY 11219","geo_label":"1271 60 STREET, Brooklyn, NY, USA","borough":"Manhattan","dba":"Met Council Volunteer Services","website":"https://metcouncil.org","phone":"(212) 338-1855","org_type":"501(c)(3) Nonprofit","service_locations":"5361 Preston Ct, Brooklyn, NY 11234; 1271 60th St, Brooklyn, NY 11219; other partner locations in Brooklyn, Queens, and Manhattan"}},{"type":"Feature","id":143,"geometry":{"type":"Point","coordinates":[-73.90802,40.69224]},"properties":{"id":"mount-olive-holiness-church-1","org":"Mount Olive Holiness Church","org_id":"mount-olive-holiness-church","address":"277 Eldert Street Brooklyn, NY 11207","geo_label":"277 ELDERT STREET, Brooklyn, NY, USA","borough":"Brooklyn","dba":"","website":"https://mtolivechurchbk.org","phone":"(718) 451-6791","org_type":"501(c)(3) Nonprofit","service_locations":"277 Eldert Street Brooklyn, NY 11207"}},{"type":"Feature","id":144,"geometry":{"type":"Point","coordinates":[-74.01343,40.70636]},"properties":{"id":"new-york-cares-inc-1","org":"New York Cares, Inc.","org_id":"new-york-cares-inc","address":"39 Broadway, 27th Floor, New York, NY 10006","geo_label":"39 BROADWAY, New York, NY, USA","borough":"Manhattan","dba":"New York Cares","website":"https://newyorkcares.org","phone":"(212) 402-1130","org_type":"501(c)(3) Nonprofit","service_locations":"New York Cares provides our weekly group volunteer projects (each with a specially trained Team Leader who provides oversight to the other volunteers) at more than 400 Community Partners (fellow Nonprofits and Title I schools)."}},{"type":"Feature","id":145,"geometry":{"type":"Point","coordinates":[-73.94923,40.7958]},"properties":{"id":"new-york-common-pantry-inc-1","org":"New York Common Pantry, Inc.","org_id":"new-york-common-pantry-inc","address":"8 E 109th St, New York, NY 10029","geo_label":"8 EAST 109 STREET, New York, NY, USA","borough":"Manhattan","dba":"New York Common Pantry","website":"https://nycommonpantry.org","phone":"(917) 720-9712","org_type":"501(c)(3) Nonprofit","service_locations":"8 East 109th Street, 1290 Hoe Avenue"}},{"type":"Feature","id":146,"geometry":{"type":"Point","coordinates":[-73.89028,40.83083]},"properties":{"id":"new-york-common-pantry-inc-2","org":"New York Common Pantry, Inc.","org_id":"new-york-common-pantry-inc","address":"1290 Hoe Avenue, New York, NY","geo_label":"1290 HOE AVENUE, Bronx, NY, USA","borough":"Manhattan","dba":"New York Common Pantry","website":"https://nycommonpantry.org","phone":"(917) 720-9712","org_type":"501(c)(3) Nonprofit","service_locations":"8 East 109th Street, 1290 Hoe Avenue"}},{"type":"Feature","id":147,"geometry":{"type":"Point","coordinates":[-73.91334,40.75738]},"properties":{"id":"new-york-school-of-urban-ministry-inc-1","org":"New York School of Urban Ministry Inc","org_id":"new-york-school-of-urban-ministry-inc","address":"31-65 46th Street Astoria NY 11103","geo_label":"31-65 46 STREET, Astoria, NY, USA","borough":"Queens","dba":"","website":"","phone":"(646) 744-6900","org_type":"501(c)(3) Nonprofit","service_locations":"31-65 46th Street Astoria NY 11103"}},{"type":"Feature","id":148,"geometry":{"type":"Point","coordinates":[-73.93895,40.74943]},"properties":{"id":"nyc-department-of-health-mental-hygiene-1","org":"NYC Department of Health & Mental Hygiene","org_id":"nyc-department-of-health-mental-hygiene","address":"42-09 28th St, Long Island City, NY 11101","geo_label":"42-09 28 STREET, Long Island City, NY, USA","borough":"Queens","dba":"PHC Ambassadors Program","website":"","phone":"(646) 841-3210","org_type":"Government Agency","service_locations":"Priority Neighborhoods"}},{"type":"Feature","id":149,"geometry":{"type":"Point","coordinates":[-73.78427,40.59646]},"properties":{"id":"ocean-bay-community-development-corporation-1","org":"Ocean Bay Community Development Corporation","org_id":"ocean-bay-community-development-corporation","address":"434 Beach 54th Street Arverne, N.Y. 11692","geo_label":"434 BEACH 54 STREET, Edgemere, NY, USA","borough":"Queens","dba":"","website":"https://oceanbaycdc.com","phone":"(864) 384-5712","org_type":"501(c)(3) Nonprofit","service_locations":"434 Beach 54th street Arverne, N.Y. 11692, 5717 Shorefront Parkway, Arverne, N.Y. 11692 and 5710 Beach Channel Drive, Arverne, N.Y. 11692"}},{"type":"Feature","id":150,"geometry":{"type":"Point","coordinates":[-73.78785,40.59155]},"properties":{"id":"ocean-bay-community-development-corporation-2","org":"Ocean Bay Community Development Corporation","org_id":"ocean-bay-community-development-corporation","address":"5717 Shorefront Parkway, Arverne, NY. 11692","geo_label":"5717 SHOREFRONT PARKWAY, Arverne, NY, USA","borough":"Queens","dba":"","website":"https://oceanbaycdc.com","phone":"(864) 384-5712","org_type":"501(c)(3) Nonprofit","service_locations":"434 Beach 54th street Arverne, N.Y. 11692, 5717 Shorefront Parkway, Arverne, N.Y. 11692 and 5710 Beach Channel Drive, Arverne, N.Y. 11692"}},{"type":"Feature","id":151,"geometry":{"type":"Point","coordinates":[-73.78764,40.59511]},"properties":{"id":"ocean-bay-community-development-corporation-3","org":"Ocean Bay Community Development Corporation","org_id":"ocean-bay-community-development-corporation","address":"5710 Beach Channel Drive, Arverne, NY. 11692","geo_label":"5710 BEACH CHANNEL DRIVE, Edgemere, NY, USA","borough":"Queens","dba":"","website":"https://oceanbaycdc.com","phone":"(864) 384-5712","org_type":"501(c)(3) Nonprofit","service_locations":"434 Beach 54th street Arverne, N.Y. 11692, 5717 Shorefront Parkway, Arverne, N.Y. 11692 and 5710 Beach Channel Drive, Arverne, N.Y. 11692"}},{"type":"Feature","id":152,"geometry":{"type":"Point","coordinates":[-73.75228,40.68024]},"properties":{"id":"one-way-church-of-christ-1","org":"One way church of Christ","org_id":"one-way-church-of-christ","address":"216-11 Merrick Blvd, Laurelton, NY 11413","geo_label":"216-11 MERRICK BOULEVARD, Laurelton, NY, USA","borough":"Queens","dba":"One way church of Christ food pantry","website":"https://onewaychurch.com","phone":"(516) 841-8283","org_type":"501(c)(3) Nonprofit","service_locations":"216-11 Merrick Blvd Laurelton ny"}},{"type":"Feature","id":153,"geometry":{"type":"Point","coordinates":[-73.99571,40.66518]},"properties":{"id":"opportunities-for-a-better-tomorrow-inc-1","org":"Opportunities for a Better Tomorrow, Inc.","org_id":"opportunities-for-a-better-tomorrow-inc","address":"832 3rd Avenue, Suite 10-10NE, Brooklyn, NY 11232","geo_label":"639 3 AVENUE, Brooklyn, NY, USA","borough":"Brooklyn","dba":"OBT","website":"https://obtjobs.org","phone":"(718) 387-1600 x1115","org_type":"501(c)(3) Nonprofit","service_locations":"Sunset Park technology credentialing, construction credentialing; HSE, ESOL and Bushwick ESOL, HSE, health care credenitaling"}},{"type":"Feature","id":154,"geometry":{"type":"Point","coordinates":[-73.95332,40.70084]},"properties":{"id":"opportunities-for-a-better-tomorrow-inc-2","org":"Opportunities for a Better Tomorrow, Inc.","org_id":"opportunities-for-a-better-tomorrow-inc","address":"25 Thorton Street, Brooklyn, NY 11206","geo_label":"25 LORIMER STREET, Brooklyn, NY, USA","borough":"Brooklyn","dba":"OBT","website":"https://obtjobs.org","phone":"(718) 387-1600 x1115","org_type":"501(c)(3) Nonprofit","service_locations":"Sunset Park technology credentialing, construction credentialing; HSE, ESOL and Bushwick ESOL, HSE, health care credenitaling"}},{"type":"Feature","id":155,"geometry":{"type":"Point","coordinates":[-73.96851,40.79609]},"properties":{"id":"opus-1-foundation-1","org":"Opus 1 Foundation","org_id":"opus-1-foundation","address":"Next PAGE: 801 Amsterdam Ave. New York, NY 10025","geo_label":"801 AMSTERDAM AVENUE, New York, NY, USA","borough":"Manhattan","dba":"Next PAGE","website":"https://opus1foundation.org; https://nextpageworkshop.com","phone":"(845) 596-6748","org_type":"501(c)(3) Nonprofit","service_locations":"Next PAGE program operations are based out of its headquarters (801 Amsterdam Ave. New York, NY), with primary on-site service delivery taking place at Getting Out and Staying Out (GOSO), located at 201A East 124th Street, New York, NY. Additional program work, including curriculum development, lesson preparation, editing and administrative coordination, is conducted off-site in alignment with program requirements."}},{"type":"Feature","id":156,"geometry":{"type":"Point","coordinates":[-73.93588,40.80306]},"properties":{"id":"opus-1-foundation-2","org":"Opus 1 Foundation","org_id":"opus-1-foundation","address":"201A East 124th Street, New York, NY 10035","geo_label":"201 EAST 124 STREET, New York, NY, USA","borough":"Manhattan","dba":"Next PAGE","website":"https://opus1foundation.org; https://nextpageworkshop.com","phone":"(845) 596-6748","org_type":"501(c)(3) Nonprofit","service_locations":"Next PAGE program operations are based out of its headquarters (801 Amsterdam Ave. New York, NY), with primary on-site service delivery taking place at Getting Out and Staying Out (GOSO), located at 201A East 124th Street, New York, NY. Additional program work, including curriculum development, lesson preparation, editing and administrative coordination, is conducted off-site in alignment with program requirements."}},{"type":"Feature","id":157,"geometry":{"type":"Point","coordinates":[-73.94401,40.83402]},"properties":{"id":"perez-capellan-house-of-worship-1","org":"PEREZ CAPELLAN HOUSE OF WORSHIP","org_id":"perez-capellan-house-of-worship","address":"551 WEST 157TH STREET, New York, NY 10032","geo_label":"551 WEST 157 STREET, New York, NY, USA","borough":"Manhattan","dba":"","website":"","phone":"(347) 444-0653","org_type":"501(c)(3) Nonprofit","service_locations":"MANHATTAN"}},{"type":"Feature","id":158,"geometry":{"type":"Point","coordinates":[-73.9759,40.64678]},"properties":{"id":"philanthropy-leaders-1","org":"Philanthropy Leaders","org_id":"philanthropy-leaders","address":"239 East 5 Street, Brooklyn, NY 11218","geo_label":"239 EAST 5 STREET, Brooklyn, NY, USA","borough":"Brooklyn","dba":"Wanllan Mi Wanlle (WMW), meaning \"Help Me, I Help You\" in Fulani,","website":"https://philanthropyleaders.org","phone":"(646) 262-6124","org_type":"501(c)(3) Nonprofit","service_locations":"495 Flatbush Ave, Brooklyn, NY 11225"}},{"type":"Feature","id":159,"geometry":{"type":"Point","coordinates":[-73.96142,40.66246]},"properties":{"id":"philanthropy-leaders-2","org":"Philanthropy Leaders","org_id":"philanthropy-leaders","address":"495 Flatbush Ave Brooklyn, NY 11225","geo_label":"495 FLATBUSH AVENUE, Brooklyn, NY, USA","borough":"Brooklyn","dba":"Wanllan Mi Wanlle (WMW), meaning \"Help Me, I Help You\" in Fulani,","website":"https://philanthropyleaders.org","phone":"(646) 262-6124","org_type":"501(c)(3) Nonprofit","service_locations":"495 Flatbush Ave, Brooklyn, NY 11225"}},{"type":"Feature","id":160,"geometry":{"type":"Point","coordinates":[-73.89759,40.70716]},"properties":{"id":"polonian-s-organized-to-minister-to-our-community-inc-1","org":"Polonian's Organized to Minister to Our Community, Inc.","org_id":"polonian-s-organized-to-minister-to-our-community-inc","address":"66-58 Fresh Pond Rd Ridgewood, NY 11385","geo_label":"66-58 FRESH POND ROAD, Ridgewood, NY, USA","borough":"Queens","dba":"POMOC","website":"https://pomocnyc.org","phone":"(718) 366-5365","org_type":"501(c)(3) Nonprofit","service_locations":"66-58 Fresh Pond Rd  Ridgewood, NY 11385"}},{"type":"Feature","id":161,"geometry":{"type":"Point","coordinates":[-73.7946,40.70783]},"properties":{"id":"queens-public-library-1","org":"Queens Public Library","org_id":"queens-public-library","address":"89-11 Merrick Boulevard, Jamaica, NY 11432","geo_label":"89-11 MERRICK BOULEVARD, Jamaica, NY, USA","borough":"Queens","dba":"Civic Engagement","website":"https://queenslibrary.org; https://volunteer.queenslibrary.org","phone":"(718) 480-4313","org_type":"501(c)(3) Nonprofit","service_locations":"Services are available throughout the borough of Queens at 66 locations."}},{"type":"Feature","id":162,"geometry":{"type":"Point","coordinates":[-74.14063,40.62751]},"properties":{"id":"rocco-s-landscaping-and-concrete-service-1","org":"Rocco's Landscaping and Concrete Service","org_id":"rocco-s-landscaping-and-concrete-service","address":"48 Orange Ave, Staten Island, NY 10302","geo_label":"48 ORANGE AVENUE, Staten Island, NY, USA","borough":"Staten Island","dba":"Landscaping Program","website":"https://roccoslandscapingsi.com","phone":"(718) 448-3971","org_type":"Commercial","service_locations":"All over staten island"}},{"type":"Feature","id":163,"geometry":{"type":"Point","coordinates":[-73.75222,40.60409]},"properties":{"id":"rockaway-development-revitalization-coporation-rdrc-1","org":"Rockaway Development & Revitalization Coporation (RDRC)","org_id":"rockaway-development-revitalization-coporation-rdrc","address":"1920 Mott Avenue, Suite 2, Far Rockaway, NY 11691","geo_label":"1920 MOTT AVENUE, Far Rockaway, NY, USA","borough":"Queens","dba":"Rockaway Development & Revitalization Coporation (RDRC)","website":"https://rdrc.org","phone":"(718) 327-5300","org_type":"Community-Based Organization","service_locations":"1920 Mott Avenue, Far Rockaway, NY 11691"}},{"type":"Feature","id":164,"geometry":{"type":"Point","coordinates":[-73.82352,40.58649]},"properties":{"id":"rockaway-development-revitalization-coporation-rdrc-2","org":"Rockaway Development & Revitalization Coporation (RDRC)","org_id":"rockaway-development-revitalization-coporation-rdrc","address":"100-00 Beach Channel Drive, Rockaway Park NY 11691","geo_label":"100-00 BEACH CHANNEL DRIVE, Rockaway Park, NY, USA","borough":"Queens","dba":"Rockaway Development & Revitalization Coporation (RDRC)","website":"https://rdrc.org","phone":"(718) 327-5300","org_type":"Community-Based Organization","service_locations":"1920 Mott Avenue, Far Rockaway, NY 11691"}},{"type":"Feature","id":165,"geometry":{"type":"Point","coordinates":[-73.93439,40.85603]},"properties":{"id":"russian-speaking-community-council-inc-1","org":"Russian-speaking Community Council, Inc.","org_id":"russian-speaking-community-council-inc","address":"178 Bennett Avenue, 2nd fl., New York NY 10040","geo_label":"178 BENNETT AVENUE, New York, NY, USA","borough":"Manhattan","dba":"RCC","website":"https://rcc-amrusrights.org","phone":"(646) 730-7273","org_type":"501(c)(3) Nonprofit","service_locations":"178 Bennett Avenue, New York NY 10040; and remotely"}},{"type":"Feature","id":166,"geometry":{"type":"Point","coordinates":[-73.95617,40.65645]},"properties":{"id":"sands-house-inc-1","org":"Sands House inc","org_id":"sands-house-inc","address":"1983 Bedford Avenue Brooklyn, New York 11225","geo_label":"1983 BEDFORD AVENUE, Brooklyn, NY, USA","borough":"Brooklyn","dba":"Ubantuu House","website":"https://ubantuu.org","phone":"(347) 889-3637","org_type":"501(c)(3) Nonprofit","service_locations":"1983 Bedford Ave Brooklyn, NY 11225"}},{"type":"Feature","id":167,"geometry":{"type":"Point","coordinates":[-73.96162,40.71242]},"properties":{"id":"southside-united-housing-development-fund-1","org":"Southside United Housing Development Fund","org_id":"southside-united-housing-development-fund","address":"145 S 3rd Street Brooklyn, NY 11211","geo_label":"145 SOUTH 3 STREET, Brooklyn, NY, USA","borough":"Brooklyn","dba":"Southside United HDFC- Los Sures","website":"https://southsideunitedhdfc.org","phone":"(718) 599-1940","org_type":"501(c)(3) Nonprofit","service_locations":"145 So. 3rd St. (main pantry site where all food is delivered & our biggest pantry); 353 So. 3rd St. (satellite pantry); 80 Clymer St. (satellite pantry)"}},{"type":"Feature","id":168,"geometry":{"type":"Point","coordinates":[-74.01234,40.71164]},"properties":{"id":"steuben-county-community-mental-health-center-1","org":"Steuben County Community Mental Health Center","org_id":"steuben-county-community-mental-health-center","address":"115 Liberty Street, Bath New York 14810","geo_label":"115 LIBERTY STREET, New York, NY, USA","borough":"Manhattan","dba":"Steuben County PROS Program","website":"https://steubencountyny.gov","phone":"(607) 664-2348","org_type":"Government Agency","service_locations":"115 Liberty Street, Bath NY 14810 and in the community based on need"}},{"type":"Feature","id":169,"geometry":{"type":"Point","coordinates":[-73.92562,40.7451]},"properties":{"id":"sunnyside-community-services-1","org":"Sunnyside Community Services","org_id":"sunnyside-community-services","address":"43-31 39th Street, Sunnyside, NY 11104","geo_label":"43-31 39 STREET, Sunnyside, NY, USA","borough":"Queens","dba":"Development","website":"https://scsny.org","phone":"(718) 784-6173","org_type":"501(c)(3) Nonprofit","service_locations":"43-31 39th Street, Sunnyside, NY 11104"}},{"type":"Feature","id":170,"geometry":{"type":"Point","coordinates":[-73.96038,40.74119]},"properties":{"id":"sunnyside-community-services-2","org":"Sunnyside Community Services","org_id":"sunnyside-community-services","address":"52-41 Center Boulevard, Long Island City, NY 11101","geo_label":"52-41 CENTER BOULEVARD, Long Island City, NY, USA","borough":"Queens","dba":"Development","website":"https://scsny.org","phone":"(718) 784-6173","org_type":"501(c)(3) Nonprofit","service_locations":"43-31 39th Street, Sunnyside, NY 11104"}},{"type":"Feature","id":171,"geometry":{"type":"Point","coordinates":[-73.93736,40.83108]},"properties":{"id":"suny-attain-lab-polo-grounds-1","org":"SUNY ATTAIN LAB@POLO GROUNDS","org_id":"suny-attain-lab-polo-grounds","address":"2965 FREDERICK DOUGLASS BLVD, NEW YORK, NY 10039","geo_label":"2965 FREDERICK DOUGLASS BOULEVARD, New York, NY, USA","borough":"Manhattan","dba":"SUNY ATTAIN LAB@POLO GROUNDS","website":"https://pgc.sunyattain.org","phone":"(646) 329-6898","org_type":"Community-Based Organization","service_locations":"2965 FREDERICK DOUGLASS BLVD, NY, NY 10039"}},{"type":"Feature","id":172,"geometry":{"type":"Point","coordinates":[-73.94022,40.81112]},"properties":{"id":"synthesize-1","org":"Synthesize","org_id":"synthesize","address":"28 W 132nd St, New York, NY 10037","geo_label":"28 WEST 132 STREET, New York, NY, USA","borough":"Manhattan","dba":"","website":"","phone":"(412) 628-3908","org_type":"501(c)(3) Nonprofit","service_locations":"Manhattan"}},{"type":"Feature","id":173,"geometry":{"type":"Point","coordinates":[-73.98473,40.76524]},"properties":{"id":"teamtlc-nyc-1","org":"Teamtlc NYC","org_id":"teamtlc-nyc","address":"307 West 54th Street, New York, NY 10019","geo_label":"307 WEST 54 STREET, New York, NY, USA","borough":"Manhattan","dba":"Teamtlc, The Kindness Center","website":"https://ttlcnyc.org","phone":"(917) 974-1592","org_type":"501(c)(3) Nonprofit","service_locations":"307 West 54th st New York New York 10011"}},{"type":"Feature","id":174,"geometry":{"type":"Point","coordinates":[-73.99371,40.69935]},"properties":{"id":"teamtlc-nyc-2","org":"Teamtlc NYC","org_id":"teamtlc-nyc","address":"75 Hicks Street, Brooklyn, New York, NY 11201","geo_label":"75 HICKS STREET, Brooklyn, NY, USA","borough":"Manhattan","dba":"Teamtlc, The Kindness Center","website":"https://ttlcnyc.org","phone":"(917) 974-1592","org_type":"501(c)(3) Nonprofit","service_locations":"307 West 54th st New York New York 10011"}},{"type":"Feature","id":175,"geometry":{"type":"Point","coordinates":[-73.99433,40.75723]},"properties":{"id":"teamtlc-nyc-3","org":"Teamtlc NYC","org_id":"teamtlc-nyc","address":"410 W 40th St, New York, NY 10018","geo_label":"410 WEST 40 STREET, New York, NY, USA","borough":"Manhattan","dba":"Teamtlc, The Kindness Center","website":"https://ttlcnyc.org","phone":"(917) 974-1592","org_type":"501(c)(3) Nonprofit","service_locations":"307 West 54th st New York New York 10011"}},{"type":"Feature","id":176,"geometry":{"type":"Point","coordinates":[-74.07836,40.62748]},"properties":{"id":"the-central-family-life-center-1","org":"The Central Family Life Center","org_id":"the-central-family-life-center","address":"59 Wright Street Staten Island NY 10304","geo_label":"59 WRIGHT STREET, Staten Island, NY, USA","borough":"Staten Island","dba":"The Central Family Life Center","website":"https://centralfamilylifecenter.org","phone":"(929) 791-4610","org_type":"501(c)(3) Nonprofit","service_locations":"59 Wright Street"}},{"type":"Feature","id":177,"geometry":{"type":"Point","coordinates":[-73.94194,40.78767]},"properties":{"id":"the-doe-fund-inc-1","org":"The Doe Fund, Inc.","org_id":"the-doe-fund-inc","address":"345 E 102nd St #305, New York, NY 10029","geo_label":"345 EAST 102 STREET, New York, NY, USA","borough":"Manhattan","dba":"Ready, Willing, and Able","website":"https://doe.org","phone":"(646) 801-1833","org_type":"501(c)(3) Nonprofit","service_locations":"89 Porter Avenue, Brooklyn, NY 11237. 520 Gates Avenue, Brooklyn, NY 11216. Frederick Douglass Blvd, New York, NY 10039"}},{"type":"Feature","id":178,"geometry":{"type":"Point","coordinates":[-74.0147,40.70862]},"properties":{"id":"urban-justice-center-1","org":"Urban Justice Center","org_id":"urban-justice-center","address":"40 Rector St, 9th Floor, New York, NY 10006","geo_label":"40 RECTOR STREET, New York, NY, USA","borough":"Manhattan","dba":"Safety Net Project at the Urban Justice Center","website":"https://snp.urbanjustice.org","phone":"(646) 602-5648","org_type":"501(c)(3) Nonprofit","service_locations":"40 Rector St, 9th Fl, New York NY 10006"}},{"type":"Feature","id":179,"geometry":{"type":"Point","coordinates":[-73.97357,40.75083]},"properties":{"id":"urban-resource-institute-1","org":"Urban Resource Institute","org_id":"urban-resource-institute","address":"205 E 42nd Street 13th Floor New York, NY 10017","geo_label":"205 EAST 42 STREET, New York, NY, USA","borough":"Manhattan","dba":"Economic Empowerment Program","website":"https://urinyc.org","phone":"(332) 215-0807","org_type":"501(c)(3) Nonprofit","service_locations":"Economic Empowerment Center, 211 E 43rd Street New York, NY 10017, also various internship locations across NYC area."}},{"type":"Feature","id":180,"geometry":{"type":"Point","coordinates":[-73.973,40.75145]},"properties":{"id":"urban-resource-institute-2","org":"Urban Resource Institute","org_id":"urban-resource-institute","address":"211 E 43rd Street, 3rd Floor New York, NY 10017","geo_label":"211 EAST 43 STREET, New York, NY, USA","borough":"Manhattan","dba":"Economic Empowerment Program","website":"https://urinyc.org","phone":"(332) 215-0807","org_type":"501(c)(3) Nonprofit","service_locations":"Economic Empowerment Center, 211 E 43rd Street New York, NY 10017, also various internship locations across NYC area."}},{"type":"Feature","id":181,"geometry":{"type":"Point","coordinates":[-73.92786,40.85287]},"properties":{"id":"verde-vida-1","org":"Verde vida","org_id":"verde-vida","address":"2580 Amsterdam Avenue, New York, NY 10040","geo_label":"2580 AMSTERDAM AVENUE, New York, NY, USA","borough":"Bronx","dba":"Pop-up market","website":"https://verdevidany.org","phone":"(917) 288-6995","org_type":"501(c)(3) Nonprofit","service_locations":"Ideally PS189M"}},{"type":"Feature","id":182,"geometry":{"type":"Point","coordinates":[-73.9399,40.84569]},"properties":{"id":"verde-vida-2","org":"Verde vida","org_id":"verde-vida","address":"306 Fort Washington Ave, New York, NY 10033","geo_label":"306 FORT WASHINGTON AVENUE, New York, NY, USA","borough":"Bronx","dba":"Pop-up market","website":"https://verdevidany.org","phone":"(917) 288-6995","org_type":"501(c)(3) Nonprofit","service_locations":"Ideally PS189M"}},{"type":"Feature","id":183,"geometry":{"type":"Point","coordinates":[-73.98347,40.67974]},"properties":{"id":"vocal-ny-1","org":"VOCAL-NY","org_id":"vocal-ny","address":"300 Douglass Street, Brooklyn, NY 11217","geo_label":"300 DOUGLASS STREET, Brooklyn, NY, USA","borough":"Brooklyn","dba":"VOCAL-NY","website":"https://vocal-ny.org","phone":"(862) 235-4417","org_type":"501(c)(3) Nonprofit","service_locations":"300 Douglass Street, Brooklyn NY 11217"}},{"type":"Feature","id":184,"geometry":{"type":"Point","coordinates":[-74.01335,40.70277]},"properties":{"id":"women-in-need-inc-1","org":"Women in Need, Inc","org_id":"women-in-need-inc","address":"1 State Street New York, NY 10004","geo_label":"1 STATE STREET, New York, NY, USA","borough":"Citywide","dba":"Income Building Program","website":"https://winnyc.org","phone":"(646) 988-5650","org_type":"501(c)(3) Nonprofit","service_locations":"At our shelter locations"}},{"type":"Feature","id":185,"geometry":{"type":"Point","coordinates":[-73.83531,40.68127]},"properties":{"id":"zion-tabernacle-fire-baptized-holiness-church-of-god-of-the-americas-1","org":"Zion Tabernacle Fire Baptized Holiness Church of God of the Americas","org_id":"zion-tabernacle-fire-baptized-holiness-church-of-god-of-the-americas","address":"105-01 107 Avenue Ozone Park, NY 11417","geo_label":"105-01 107 AVENUE, Ozone Park, NY, USA","borough":"Queens","dba":"Zion Tabernacle Food Pantry","website":"","phone":"(718) 717-9993","org_type":"501(c)(3) Nonprofit","service_locations":"105-01 107 Avenue Ozone Park, NY 11417"}}]}
