org,address,DBA or Program Name (if Applicable),Organization Address,Borough,Website (if Available),Phone Number,Organization Type,Mission Statement or Organizational Summary,Population Served,Types of Services Provided,Description of Programs or Service Opportunities Available to Participants,Hours of Operation and Participant Schedule,Service Location(s),Expected Participant Activities/Duties
A Blend of Services,"937 Home Street, Bronx, 10459",Going Deeper,"937 Home Street, Bronx, 10459",Bronx,https://changingthebronx.org,(646) 698-1656,501(c)(3) Nonprofit,"Mission Statement:  Going Deeper LLC with A Blend of Services as Fiscal Agent
Going Deeper LLC, supported by the ethical stewardship and financial accountability of A Blend of Services Inc., exists to uplift individuals and families by meeting urgent needs, restoring dignity, and guiding people toward long-term stability. Rooted in faith, compassion, and community partnership, we provide trauma-informed support, practical resources, advocacy, and pathways to personal and economic empowerment. Through transparent fiscal management and a shared commitment to integrity, both organizations work together to ensure that every program, every service, and every act of care moves people from crisis to confidence, from surviving to thriving, and from challenge to renewed hope.",Youth 14-24; Adults 25+; justice-involved individuals; SNAP/Employment Program Participants,Community service/volunteer opportunities; Food pantry/meal service; Administrative/office support; Arts/recreation,"Program and Service Opportunities Available for Participants
Going Deeper LLC, in partnership with A Blend of Services Inc. as fiscal agent, offers a continuum of trauma-informed, community-rooted programs designed to meet immediate needs while building long-term stability. Each service is intentionally structured to restore dignity, strengthen families, and create pathways toward healing, empowerment, and self-sufficiency.

1. Bags of Victory (Emergency Support & Dignity Kits)
Participants receive curated care packages filled with hygiene essentials, seasonal items, snacks, and resource information. These bags are distributed during outreach events, crisis encounters, and community gatherings, ensuring individuals facing hardship have immediate support and a tangible reminder that they are seen and valued.

2. Trauma Tuesdays (Healing & Emotional Wellness)
A weekly safe space offering group discussions, coping tools, and guided support for individuals navigating trauma, grief, or life transitions. Sessions are facilitated through a trauma-informed lens and focus on emotional regulation, resilience building, and restoring hope.

3. Garden of Hope & Second Chance Garden (Food Access & Therapeutic Engagement)
Participants engage in hands-on gardening activities that promote food security, environmental awareness, and emotional wellness. The garden serves as both a learning environment and a therapeutic space, offering opportunities for skill-building, community bonding, and fresh produce distribution.

4. Compassion Cosmetics Workforce Pathway (Employment & Skills Development)
This program provides hands-on training in beauty, self-care, and customer-service skills while building confidence and employability. Participants gain practical experience, mentorship, and access to workforce readiness tools that support entry into employment or entrepreneurship.

5. Crisis Navigation & Resource Coordination
Participants receive one-on-one support connecting to essential city and state programs, including housing assistance, SNAP, Medicaid, workforce development, re-entry services, and emergency food resources. Staff help individuals complete applications, gather documents, and navigate complex systems with dignity and care.

6. Senior Advocacy & Support
Dedicated outreach for older adults?especially those who are isolated, homebound, or underserved. Services include wellness checks, resource navigation, benefits assistance, and connection to community programs that promote safety, independence, and social engagement.

7. Community Cleanups & Service Days
Participants of all ages engage in neighborhood beautification, park cleanups, and community service projects that build pride, unity, and civic responsibility. These events also serve as entry points for residents to learn about additional programs and supports.

8. Youth & Family Engagement Events
Seasonal events, workshops, and family-centered activities create safe, uplifting spaces for children and caregivers. Opportunities include back-to-school drives, sports-themed gatherings, holiday outreach, and empowerment workshops that strengthen family bonds and community connection.

9. Transitional Housing Support & Advocacy
Participants experiencing housing instability receive guidance, referrals, and advocacy to access emergency shelter, supportive housing, rental assistance, and stabilization services. Staff walk alongside individuals through each step, ensuring no one navigates the system alone.

10. Faith-Rooted Mentorship & Encouragement
For participants who desire it, Going Deeper offers spiritual encouragement, prayer support, and mentorship grounded in compassion and respect. These optional services help individuals build inner strength, purpose, and hope as they work toward personal transformation",Flexible hours,937 Home Street,"Expected Participant Activities/Duties
Participants in Going Deeper LLC programs engage in meaningful, community-centered activities that promote personal growth, skill-building, and service to others. While each program has its own focus, participants are generally expected to:

1. Actively Engage in Program Sessions
Attend scheduled workshops, support groups, trainings, or service days.

Participate in discussions, activities, and hands-on learning opportunities.

Contribute respectfully to a safe, trauma-informed environment.

2. Contribute to Community Service Projects
Assist with community cleanups, garden maintenance, outreach events, or distribution days.

Help prepare, assemble, or distribute Bags of Victory and other resource kits.

Support neighborhood beautification and family-friendly engagement events.

3. Demonstrate Responsibility and Accountability
Arrive on time and communicate if unable to attend.

Follow program guidelines, safety protocols, and staff instructions.

Treat fellow participants, volunteers, and community members with dignity and respect.

4. Participate in Skill-Building and Workforce Activities (as applicable)
Engage in hands-on training through Compassion Cosmetics or other workforce pathways.

Practice customer service, communication, and teamwork skills.

Complete assigned tasks that build confidence and employability.

5. Support Garden-Based Learning (for Garden of Hope participants)
Assist with planting, watering, weeding, harvesting, and garden upkeep.

Participate in environmental education and therapeutic garden activities.

Help distribute produce to community members when available.

6. Engage in Personal Development and Wellness Activities
Take part in Trauma Tuesdays, mentorship sessions, or emotional-wellness workshops.

Practice coping strategies, reflection exercises, and resilience-building tools.

Set personal goals and work with staff to track progress.

7. Participate in Resource Navigation (as needed)
Work with staff to complete applications for benefits, housing, or employment.

Gather required documents and follow through on next steps.

Communicate needs, barriers, or changes in circumstances.

8. Uphold a Community-Centered, Respectful Atmosphere
Contribute to a welcoming, inclusive environment for all ages and backgrounds.

Model kindness, cooperation, and positive engagement.

Support peers and encourage a culture of mutual respect."
A Blend of Services,"2774 Dewey Ave Bronx, NY 10465",Going Deeper,"2774 Dewey Ave Bronx, NY 10465",Bronx,https://changingthebronx.org,(646) 698-1656,501(c)(3) Nonprofit,"Mission Statement:  Going Deeper LLC with A Blend of Services as Fiscal Agent
Going Deeper LLC, supported by the ethical stewardship and financial accountability of A Blend of Services Inc., exists to uplift individuals and families by meeting urgent needs, restoring dignity, and guiding people toward long-term stability. Rooted in faith, compassion, and community partnership, we provide trauma-informed support, practical resources, advocacy, and pathways to personal and economic empowerment. Through transparent fiscal management and a shared commitment to integrity, both organizations work together to ensure that every program, every service, and every act of care moves people from crisis to confidence, from surviving to thriving, and from challenge to renewed hope.",Youth 14-24; Adults 25+; justice-involved individuals; SNAP/Employment Program Participants,Community service/volunteer opportunities; Food pantry/meal service; Administrative/office support; Arts/recreation,"Program and Service Opportunities Available for Participants
Going Deeper LLC, in partnership with A Blend of Services Inc. as fiscal agent, offers a continuum of trauma-informed, community-rooted programs designed to meet immediate needs while building long-term stability. Each service is intentionally structured to restore dignity, strengthen families, and create pathways toward healing, empowerment, and self-sufficiency.

1. Bags of Victory (Emergency Support & Dignity Kits)
Participants receive curated care packages filled with hygiene essentials, seasonal items, snacks, and resource information. These bags are distributed during outreach events, crisis encounters, and community gatherings, ensuring individuals facing hardship have immediate support and a tangible reminder that they are seen and valued.

2. Trauma Tuesdays (Healing & Emotional Wellness)
A weekly safe space offering group discussions, coping tools, and guided support for individuals navigating trauma, grief, or life transitions. Sessions are facilitated through a trauma-informed lens and focus on emotional regulation, resilience building, and restoring hope.

3. Garden of Hope & Second Chance Garden (Food Access & Therapeutic Engagement)
Participants engage in hands-on gardening activities that promote food security, environmental awareness, and emotional wellness. The garden serves as both a learning environment and a therapeutic space, offering opportunities for skill-building, community bonding, and fresh produce distribution.

4. Compassion Cosmetics Workforce Pathway (Employment & Skills Development)
This program provides hands-on training in beauty, self-care, and customer-service skills while building confidence and employability. Participants gain practical experience, mentorship, and access to workforce readiness tools that support entry into employment or entrepreneurship.

5. Crisis Navigation & Resource Coordination
Participants receive one-on-one support connecting to essential city and state programs, including housing assistance, SNAP, Medicaid, workforce development, re-entry services, and emergency food resources. Staff help individuals complete applications, gather documents, and navigate complex systems with dignity and care.

6. Senior Advocacy & Support
Dedicated outreach for older adults?especially those who are isolated, homebound, or underserved. Services include wellness checks, resource navigation, benefits assistance, and connection to community programs that promote safety, independence, and social engagement.

7. Community Cleanups & Service Days
Participants of all ages engage in neighborhood beautification, park cleanups, and community service projects that build pride, unity, and civic responsibility. These events also serve as entry points for residents to learn about additional programs and supports.

8. Youth & Family Engagement Events
Seasonal events, workshops, and family-centered activities create safe, uplifting spaces for children and caregivers. Opportunities include back-to-school drives, sports-themed gatherings, holiday outreach, and empowerment workshops that strengthen family bonds and community connection.

9. Transitional Housing Support & Advocacy
Participants experiencing housing instability receive guidance, referrals, and advocacy to access emergency shelter, supportive housing, rental assistance, and stabilization services. Staff walk alongside individuals through each step, ensuring no one navigates the system alone.

10. Faith-Rooted Mentorship & Encouragement
For participants who desire it, Going Deeper offers spiritual encouragement, prayer support, and mentorship grounded in compassion and respect. These optional services help individuals build inner strength, purpose, and hope as they work toward personal transformation",Flexible hours,937 Home Street,"Expected Participant Activities/Duties
Participants in Going Deeper LLC programs engage in meaningful, community-centered activities that promote personal growth, skill-building, and service to others. While each program has its own focus, participants are generally expected to:

1. Actively Engage in Program Sessions
Attend scheduled workshops, support groups, trainings, or service days.

Participate in discussions, activities, and hands-on learning opportunities.

Contribute respectfully to a safe, trauma-informed environment.

2. Contribute to Community Service Projects
Assist with community cleanups, garden maintenance, outreach events, or distribution days.

Help prepare, assemble, or distribute Bags of Victory and other resource kits.

Support neighborhood beautification and family-friendly engagement events.

3. Demonstrate Responsibility and Accountability
Arrive on time and communicate if unable to attend.

Follow program guidelines, safety protocols, and staff instructions.

Treat fellow participants, volunteers, and community members with dignity and respect.

4. Participate in Skill-Building and Workforce Activities (as applicable)
Engage in hands-on training through Compassion Cosmetics or other workforce pathways.

Practice customer service, communication, and teamwork skills.

Complete assigned tasks that build confidence and employability.

5. Support Garden-Based Learning (for Garden of Hope participants)
Assist with planting, watering, weeding, harvesting, and garden upkeep.

Participate in environmental education and therapeutic garden activities.

Help distribute produce to community members when available.

6. Engage in Personal Development and Wellness Activities
Take part in Trauma Tuesdays, mentorship sessions, or emotional-wellness workshops.

Practice coping strategies, reflection exercises, and resilience-building tools.

Set personal goals and work with staff to track progress.

7. Participate in Resource Navigation (as needed)
Work with staff to complete applications for benefits, housing, or employment.

Gather required documents and follow through on next steps.

Communicate needs, barriers, or changes in circumstances.

8. Uphold a Community-Centered, Respectful Atmosphere
Contribute to a welcoming, inclusive environment for all ages and backgrounds.

Model kindness, cooperation, and positive engagement.

Support peers and encourage a culture of mutual respect."
Acacia Housing and Preservation,"245 E. Mosholu Parkway North, Bronx, NY 10467",,"245 E. Mosholu Parkway North, Bronx, NY 10467",Bronx,https://acacianetwork.org,(516) 597-6774,Nonprofit,Nursing Home or Equivalent Hospital Facility,SNAP/Employment Program Participants,Community service/volunteer opportunities; Shelter/housing support,Legal Aid,Based on client participation,Various locations throughout New York City,Legal Aid
Acacia Housing and Preservation,"748 Beck Street, Bronx, NY 10459",,"748 Beck Street, Bronx, NY 10459",Bronx,https://acacianetwork.org,(516) 597-6774,Nonprofit,Nursing Home or Equivalent Hospital Facility,SNAP/Employment Program Participants,Community service/volunteer opportunities; Shelter/housing support,Legal Aid,Based on client participation,Various locations throughout New York City,Legal Aid
Acacia Housing and Preservation,"847 Fox Street, Bronx, NY 10459",,"847 Fox Street, Bronx, NY 10459",Bronx,https://acacianetwork.org,(516) 597-6774,Nonprofit,Nursing Home or Equivalent Hospital Facility,SNAP/Employment Program Participants,Community service/volunteer opportunities; Shelter/housing support,Legal Aid,Based on client participation,Various locations throughout New York City,Legal Aid
Acacia Housing and Preservation,"1794 Anthony Avenue, Bronx, NY 10457",,"1794 Anthony Avenue, Bronx, NY 10457",Bronx,https://acacianetwork.org,(516) 597-6774,Nonprofit,Nursing Home or Equivalent Hospital Facility,SNAP/Employment Program Participants,Community service/volunteer opportunities; Shelter/housing support,Legal Aid,Based on client participation,Various locations throughout New York City,Legal Aid
Acacia Housing and Preservation,"1628 University Ave, Bronx, NY",,"1628 University Ave, Bronx, NY",Bronx,https://acacianetwork.org,(516) 597-6774,Nonprofit,Nursing Home or Equivalent Hospital Facility,SNAP/Employment Program Participants,Community service/volunteer opportunities; Shelter/housing support,Legal Aid,Based on client participation,Various locations throughout New York City,Legal Aid
Acacia Housing and Preservation,"787 E. 149th Street, Bronx, NY 10455",,"787 E. 149th Street, Bronx, NY 10455",Bronx,https://acacianetwork.org,(516) 597-6774,Nonprofit,Nursing Home or Equivalent Hospital Facility,SNAP/Employment Program Participants,Community service/volunteer opportunities; Shelter/housing support,Legal Aid,Based on client participation,Various locations throughout New York City,Legal Aid
Acacia Housing and Preservation,"1134 College Avenue, Bronx, NY 10456",,"1134 College Avenue, Bronx, NY 10456",Bronx,https://acacianetwork.org,(516) 597-6774,Nonprofit,Nursing Home or Equivalent Hospital Facility,SNAP/Employment Program Participants,Community service/volunteer opportunities; Shelter/housing support,Legal Aid,Based on client participation,Various locations throughout New York City,Legal Aid
Acacia Housing and Preservation,"1186 Washington Avenue, Bronx, NY 10456",,"1186 Washington Avenue, Bronx, NY 10456",Bronx,https://acacianetwork.org,(516) 597-6774,Nonprofit,Nursing Home or Equivalent Hospital Facility,SNAP/Employment Program Participants,Community service/volunteer opportunities; Shelter/housing support,Legal Aid,Based on client participation,Various locations throughout New York City,Legal Aid
Acacia Housing and Preservation,"1254 Morris Avenue, Bronx, NY 10456",,"1254 Morris Avenue, Bronx, NY 10456",Bronx,https://acacianetwork.org,(516) 597-6774,Nonprofit,Nursing Home or Equivalent Hospital Facility,SNAP/Employment Program Participants,Community service/volunteer opportunities; Shelter/housing support,Legal Aid,Based on client participation,Various locations throughout New York City,Legal Aid
Acacia Housing and Preservation,"366 East 154th Street, Bronx, NY 10455",,"366 East 154th Street, Bronx, NY 10455",Bronx,https://acacianetwork.org,(516) 597-6774,Nonprofit,Nursing Home or Equivalent Hospital Facility,SNAP/Employment Program Participants,Community service/volunteer opportunities; Shelter/housing support,Legal Aid,Based on client participation,Various locations throughout New York City,Legal Aid
Acacia Housing and Preservation,"100 West 163rd Street, Bronx, NY 10452",,"100 West 163rd Street, Bronx, NY 10452",Bronx,https://acacianetwork.org,(516) 597-6774,Nonprofit,Nursing Home or Equivalent Hospital Facility,SNAP/Employment Program Participants,Community service/volunteer opportunities; Shelter/housing support,Legal Aid,Based on client participation,Various locations throughout New York City,Legal Aid
Acacia Housing and Preservation,"190-192 Brown Place, Bronx, NY 10454",,"190-192 Brown Place, Bronx, NY 10454",Bronx,https://acacianetwork.org,(516) 597-6774,Nonprofit,Nursing Home or Equivalent Hospital Facility,SNAP/Employment Program Participants,Community service/volunteer opportunities; Shelter/housing support,Legal Aid,Based on client participation,Various locations throughout New York City,Legal Aid
Acacia Housing and Preservation,"783 East 168th Street, Bronx, NY 10456",,"783 East 168th Street, Bronx, NY 10456",Bronx,https://acacianetwork.org,(516) 597-6774,Nonprofit,Nursing Home or Equivalent Hospital Facility,SNAP/Employment Program Participants,Community service/volunteer opportunities; Shelter/housing support,Legal Aid,Based on client participation,Various locations throughout New York City,Legal Aid
Acacia Housing and Preservation,"954 Anderson Avenue, Bronx, NY 10452",,"954 Anderson Avenue, Bronx, NY 10452",Bronx,https://acacianetwork.org,(516) 597-6774,Nonprofit,Nursing Home or Equivalent Hospital Facility,SNAP/Employment Program Participants,Community service/volunteer opportunities; Shelter/housing support,Legal Aid,Based on client participation,Various locations throughout New York City,Legal Aid
Acacia Housing and Preservation,"1074 Summit Avenue, Bronx, NY 10452",,"1074 Summit Avenue, Bronx, NY 10452",Bronx,https://acacianetwork.org,(516) 597-6774,Nonprofit,Nursing Home or Equivalent Hospital Facility,SNAP/Employment Program Participants,Community service/volunteer opportunities; Shelter/housing support,Legal Aid,Based on client participation,Various locations throughout New York City,Legal Aid
Acacia Housing and Preservation,"418 East 148th Street, Bronx, NY 10455",,"418 East 148th Street, Bronx, NY 10455",Bronx,https://acacianetwork.org,(516) 597-6774,Nonprofit,Nursing Home or Equivalent Hospital Facility,SNAP/Employment Program Participants,Community service/volunteer opportunities; Shelter/housing support,Legal Aid,Based on client participation,Various locations throughout New York City,Legal Aid
Acacia Housing and Preservation,"437 East 135th Street, Bronx, NY 10454",,"437 East 135th Street, Bronx, NY 10454",Bronx,https://acacianetwork.org,(516) 597-6774,Nonprofit,Nursing Home or Equivalent Hospital Facility,SNAP/Employment Program Participants,Community service/volunteer opportunities; Shelter/housing support,Legal Aid,Based on client participation,Various locations throughout New York City,Legal Aid
Acacia Housing and Preservation,"765 East 166th Street, Bronx, NY 10456",,"765 East 166th Street, Bronx, NY 10456",Bronx,https://acacianetwork.org,(516) 597-6774,Nonprofit,Nursing Home or Equivalent Hospital Facility,SNAP/Employment Program Participants,Community service/volunteer opportunities; Shelter/housing support,Legal Aid,Based on client participation,Various locations throughout New York City,Legal Aid
Acacia Housing and Preservation,"830 East 147th Street, Bronx, NY 10455",,"830 East 147th Street, Bronx, NY 10455",Bronx,https://acacianetwork.org,(516) 597-6774,Nonprofit,Nursing Home or Equivalent Hospital Facility,SNAP/Employment Program Participants,Community service/volunteer opportunities; Shelter/housing support,Legal Aid,Based on client participation,Various locations throughout New York City,Legal Aid
Acacia Housing and Preservation,"851 Tinton Avenue, Bronx, NY 10456",,"851 Tinton Avenue, Bronx, NY 10456",Bronx,https://acacianetwork.org,(516) 597-6774,Nonprofit,Nursing Home or Equivalent Hospital Facility,SNAP/Employment Program Participants,Community service/volunteer opportunities; Shelter/housing support,Legal Aid,Based on client participation,Various locations throughout New York City,Legal Aid
Acacia Housing and Preservation,"607 Concord Ave, Bronx, NY 10455",,"607 Concord Ave, Bronx, NY 10455",Bronx,https://acacianetwork.org,(516) 597-6774,Nonprofit,Nursing Home or Equivalent Hospital Facility,SNAP/Employment Program Participants,Community service/volunteer opportunities; Shelter/housing support,Legal Aid,Based on client participation,Various locations throughout New York City,Legal Aid
Acacia Housing and Preservation,"25 E 131st Street, New York, NY 10037",,"25 E 131st Street, New York, NY 10037",Bronx,https://acacianetwork.org,(516) 597-6774,Nonprofit,Nursing Home or Equivalent Hospital Facility,SNAP/Employment Program Participants,Community service/volunteer opportunities; Shelter/housing support,Legal Aid,Based on client participation,Various locations throughout New York City,Legal Aid
Acacia Housing and Preservation,"418 East 119th Street, New York, NY 10035",,"418 East 119th Street, New York, NY 10035",Bronx,https://acacianetwork.org,(516) 597-6774,Nonprofit,Nursing Home or Equivalent Hospital Facility,SNAP/Employment Program Participants,Community service/volunteer opportunities; Shelter/housing support,Legal Aid,Based on client participation,Various locations throughout New York City,Legal Aid
Acacia Housing and Preservation,"401 East 120th Street, New York, NY 10035",,"401 East 120th Street, New York, NY 10035",Bronx,https://acacianetwork.org,(516) 597-6774,Nonprofit,Nursing Home or Equivalent Hospital Facility,SNAP/Employment Program Participants,Community service/volunteer opportunities; Shelter/housing support,Legal Aid,Based on client participation,Various locations throughout New York City,Legal Aid
Acacia Housing and Preservation,"250 E 117st, New York, NY 10035",,"250 E 117st, New York, NY 10035",Bronx,https://acacianetwork.org,(516) 597-6774,Nonprofit,Nursing Home or Equivalent Hospital Facility,SNAP/Employment Program Participants,Community service/volunteer opportunities; Shelter/housing support,Legal Aid,Based on client participation,Various locations throughout New York City,Legal Aid
Acacia Housing and Preservation,"1707 Park Avenue, New York, NY 10035",,"1707 Park Avenue, New York, NY 10035",Bronx,https://acacianetwork.org,(516) 597-6774,Nonprofit,Nursing Home or Equivalent Hospital Facility,SNAP/Employment Program Participants,Community service/volunteer opportunities; Shelter/housing support,Legal Aid,Based on client participation,Various locations throughout New York City,Legal Aid
Acacia Housing and Preservation,"517 West 173rd Street, New York, NY 10032",,"517 West 173rd Street, New York, NY 10032",Bronx,https://acacianetwork.org,(516) 597-6774,Nonprofit,Nursing Home or Equivalent Hospital Facility,SNAP/Employment Program Participants,Community service/volunteer opportunities; Shelter/housing support,Legal Aid,Based on client participation,Various locations throughout New York City,Legal Aid
Acacia Housing and Preservation,"454 West 146th Street, New York, NY 10031",,"454 West 146th Street, New York, NY 10031",Bronx,https://acacianetwork.org,(516) 597-6774,Nonprofit,Nursing Home or Equivalent Hospital Facility,SNAP/Employment Program Participants,Community service/volunteer opportunities; Shelter/housing support,Legal Aid,Based on client participation,Various locations throughout New York City,Legal Aid
Acacia Housing and Preservation,"458 West 143rd Street, New York, NY 10031",,"458 West 143rd Street, New York, NY 10031",Bronx,https://acacianetwork.org,(516) 597-6774,Nonprofit,Nursing Home or Equivalent Hospital Facility,SNAP/Employment Program Participants,Community service/volunteer opportunities; Shelter/housing support,Legal Aid,Based on client participation,Various locations throughout New York City,Legal Aid
Acacia Housing and Preservation,"471 West 145th Street, New York, NY 10031",,"471 West 145th Street, New York, NY 10031",Bronx,https://acacianetwork.org,(516) 597-6774,Nonprofit,Nursing Home or Equivalent Hospital Facility,SNAP/Employment Program Participants,Community service/volunteer opportunities; Shelter/housing support,Legal Aid,Based on client participation,Various locations throughout New York City,Legal Aid
Acacia Housing and Preservation,"443-45 St Ann's Avenue, Bronx, NY 10455",,"443-45 St Ann's Avenue, Bronx, NY 10455",Bronx,https://acacianetwork.org,(516) 597-6774,Nonprofit,Nursing Home or Equivalent Hospital Facility,SNAP/Employment Program Participants,Community service/volunteer opportunities; Shelter/housing support,Legal Aid,Based on client participation,Various locations throughout New York City,Legal Aid
Acacia Housing and Preservation,"512 E 145th Street, Bronx, NY 10454",,"512 E 145th Street, Bronx, NY 10454",Bronx,https://acacianetwork.org,(516) 597-6774,Nonprofit,Nursing Home or Equivalent Hospital Facility,SNAP/Employment Program Participants,Community service/volunteer opportunities; Shelter/housing support,Legal Aid,Based on client participation,Various locations throughout New York City,Legal Aid
Acacia Housing and Preservation,"370 Brook Avenue, Bronx, NY 10454",,"370 Brook Avenue, Bronx, NY 10454",Bronx,https://acacianetwork.org,(516) 597-6774,Nonprofit,Nursing Home or Equivalent Hospital Facility,SNAP/Employment Program Participants,Community service/volunteer opportunities; Shelter/housing support,Legal Aid,Based on client participation,Various locations throughout New York City,Legal Aid
Acacia Housing and Preservation,"535 E 142nd Street, Bronx, NY 10454",,"535 E 142nd Street, Bronx, NY 10454",Bronx,https://acacianetwork.org,(516) 597-6774,Nonprofit,Nursing Home or Equivalent Hospital Facility,SNAP/Employment Program Participants,Community service/volunteer opportunities; Shelter/housing support,Legal Aid,Based on client participation,Various locations throughout New York City,Legal Aid
Acacia Housing and Preservation,"545 E 144th Street, Bronx, NY 10454",,"545 E 144th Street, Bronx, NY 10454",Bronx,https://acacianetwork.org,(516) 597-6774,Nonprofit,Nursing Home or Equivalent Hospital Facility,SNAP/Employment Program Participants,Community service/volunteer opportunities; Shelter/housing support,Legal Aid,Based on client participation,Various locations throughout New York City,Legal Aid
Acacia Housing and Preservation,"1922 Crotona Pkway, Bronx, NY",,"1922 Crotona Pkway, Bronx, NY",Bronx,https://acacianetwork.org,(516) 597-6774,Nonprofit,Nursing Home or Equivalent Hospital Facility,SNAP/Employment Program Participants,Community service/volunteer opportunities; Shelter/housing support,Legal Aid,Based on client participation,Various locations throughout New York City,Legal Aid
Acacia Housing and Preservation,"1131 Croes Avenue, Bronx, NY",,"1131 Croes Avenue, Bronx, NY",Bronx,https://acacianetwork.org,(516) 597-6774,Nonprofit,Nursing Home or Equivalent Hospital Facility,SNAP/Employment Program Participants,Community service/volunteer opportunities; Shelter/housing support,Legal Aid,Based on client participation,Various locations throughout New York City,Legal Aid
Acacia Housing and Preservation,"701 Crotona Park North, Bronx, NY",,"701 Crotona Park North, Bronx, NY",Bronx,https://acacianetwork.org,(516) 597-6774,Nonprofit,Nursing Home or Equivalent Hospital Facility,SNAP/Employment Program Participants,Community service/volunteer opportunities; Shelter/housing support,Legal Aid,Based on client participation,Various locations throughout New York City,Legal Aid
Acacia Housing and Preservation,"705 Crotona Park North, Bronx, NY",,"705 Crotona Park North, Bronx, NY",Bronx,https://acacianetwork.org,(516) 597-6774,Nonprofit,Nursing Home or Equivalent Hospital Facility,SNAP/Employment Program Participants,Community service/volunteer opportunities; Shelter/housing support,Legal Aid,Based on client participation,Various locations throughout New York City,Legal Aid
Acacia Housing and Preservation,"370 St Ann's Avenue, Bronx, NY 10454",,"370 St Ann's Avenue, Bronx, NY 10454",Bronx,https://acacianetwork.org,(516) 597-6774,Nonprofit,Nursing Home or Equivalent Hospital Facility,SNAP/Employment Program Participants,Community service/volunteer opportunities; Shelter/housing support,Legal Aid,Based on client participation,Various locations throughout New York City,Legal Aid
Acacia Housing and Preservation,"231 Jackson Avenue, Bronx, NY 10454",,"231 Jackson Avenue, Bronx, NY 10454",Bronx,https://acacianetwork.org,(516) 597-6774,Nonprofit,Nursing Home or Equivalent Hospital Facility,SNAP/Employment Program Participants,Community service/volunteer opportunities; Shelter/housing support,Legal Aid,Based on client participation,Various locations throughout New York City,Legal Aid
Acacia Housing and Preservation,"363 E. 150th Street, Bronx, NY 10455",,"363 E. 150th Street, Bronx, NY 10455",Bronx,https://acacianetwork.org,(516) 597-6774,Nonprofit,Nursing Home or Equivalent Hospital Facility,SNAP/Employment Program Participants,Community service/volunteer opportunities; Shelter/housing support,Legal Aid,Based on client participation,Various locations throughout New York City,Legal Aid
Acacia Housing and Preservation,"442 Wales Ave, Bronx, NY 10455",,"442 Wales Ave, Bronx, NY 10455",Bronx,https://acacianetwork.org,(516) 597-6774,Nonprofit,Nursing Home or Equivalent Hospital Facility,SNAP/Employment Program Participants,Community service/volunteer opportunities; Shelter/housing support,Legal Aid,Based on client participation,Various locations throughout New York City,Legal Aid
Acacia Housing and Preservation,"531 E 148th Street, Bronx, NY 10455",,"531 E 148th Street, Bronx, NY 10455",Bronx,https://acacianetwork.org,(516) 597-6774,Nonprofit,Nursing Home or Equivalent Hospital Facility,SNAP/Employment Program Participants,Community service/volunteer opportunities; Shelter/housing support,Legal Aid,Based on client participation,Various locations throughout New York City,Legal Aid
Acacia Housing and Preservation,"673 E 137th Street, Bronx, NY 10454",,"673 E 137th Street, Bronx, NY 10454",Bronx,https://acacianetwork.org,(516) 597-6774,Nonprofit,Nursing Home or Equivalent Hospital Facility,SNAP/Employment Program Participants,Community service/volunteer opportunities; Shelter/housing support,Legal Aid,Based on client participation,Various locations throughout New York City,Legal Aid
Acacia Housing and Preservation,"674 E 138th Street, Bronx, NY 10454",,"674 E 138th Street, Bronx, NY 10454",Bronx,https://acacianetwork.org,(516) 597-6774,Nonprofit,Nursing Home or Equivalent Hospital Facility,SNAP/Employment Program Participants,Community service/volunteer opportunities; Shelter/housing support,Legal Aid,Based on client participation,Various locations throughout New York City,Legal Aid
Acacia Housing and Preservation,"389 E 151st Street, Bronx, NY 10455",,"389 E 151st Street, Bronx, NY 10455",Bronx,https://acacianetwork.org,(516) 597-6774,Nonprofit,Nursing Home or Equivalent Hospital Facility,SNAP/Employment Program Participants,Community service/volunteer opportunities; Shelter/housing support,Legal Aid,Based on client participation,Various locations throughout New York City,Legal Aid
Acacia Housing and Preservation,"408 E 152nd Street, Bronx, NY 10455",,"408 E 152nd Street, Bronx, NY 10455",Bronx,https://acacianetwork.org,(516) 597-6774,Nonprofit,Nursing Home or Equivalent Hospital Facility,SNAP/Employment Program Participants,Community service/volunteer opportunities; Shelter/housing support,Legal Aid,Based on client participation,Various locations throughout New York City,Legal Aid
Acacia Housing and Preservation,"367 E 151st Street, Bronx, NY 10455",,"367 E 151st Street, Bronx, NY 10455",Bronx,https://acacianetwork.org,(516) 597-6774,Nonprofit,Nursing Home or Equivalent Hospital Facility,SNAP/Employment Program Participants,Community service/volunteer opportunities; Shelter/housing support,Legal Aid,Based on client participation,Various locations throughout New York City,Legal Aid
Acacia Housing and Preservation,"415 E 151st Street, Bronx, NY 10455",,"415 E 151st Street, Bronx, NY 10455",Bronx,https://acacianetwork.org,(516) 597-6774,Nonprofit,Nursing Home or Equivalent Hospital Facility,SNAP/Employment Program Participants,Community service/volunteer opportunities; Shelter/housing support,Legal Aid,Based on client participation,Various locations throughout New York City,Legal Aid
Acacia Housing and Preservation,"417 E 151st Street, Bronx, NY 10455",,"417 E 151st Street, Bronx, NY 10455",Bronx,https://acacianetwork.org,(516) 597-6774,Nonprofit,Nursing Home or Equivalent Hospital Facility,SNAP/Employment Program Participants,Community service/volunteer opportunities; Shelter/housing support,Legal Aid,Based on client participation,Various locations throughout New York City,Legal Aid
Acacia Housing and Preservation,"689 Melrose Avenue, Bronx, NY 10455",,"689 Melrose Avenue, Bronx, NY 10455",Bronx,https://acacianetwork.org,(516) 597-6774,Nonprofit,Nursing Home or Equivalent Hospital Facility,SNAP/Employment Program Participants,Community service/volunteer opportunities; Shelter/housing support,Legal Aid,Based on client participation,Various locations throughout New York City,Legal Aid
Acacia Housing and Preservation,"712 Courtlandt Avenue, Bronx, NY 10451",,"712 Courtlandt Avenue, Bronx, NY 10451",Bronx,https://acacianetwork.org,(516) 597-6774,Nonprofit,Nursing Home or Equivalent Hospital Facility,SNAP/Employment Program Participants,Community service/volunteer opportunities; Shelter/housing support,Legal Aid,Based on client participation,Various locations throughout New York City,Legal Aid
Acacia Housing and Preservation,"1680 Clay Avenue, Bronx, NY 10457",,"1680 Clay Avenue, Bronx, NY 10457",Bronx,https://acacianetwork.org,(516) 597-6774,Nonprofit,Nursing Home or Equivalent Hospital Facility,SNAP/Employment Program Participants,Community service/volunteer opportunities; Shelter/housing support,Legal Aid,Based on client participation,Various locations throughout New York City,Legal Aid
Acacia Housing and Preservation,"1705 Anthony Avenue, Bronx, NY 10457",,"1705 Anthony Avenue, Bronx, NY 10457",Bronx,https://acacianetwork.org,(516) 597-6774,Nonprofit,Nursing Home or Equivalent Hospital Facility,SNAP/Employment Program Participants,Community service/volunteer opportunities; Shelter/housing support,Legal Aid,Based on client participation,Various locations throughout New York City,Legal Aid
Acacia Housing and Preservation,"1087 Summit Avenue, Bronx, NY 10452",,"1087 Summit Avenue, Bronx, NY 10452",Bronx,https://acacianetwork.org,(516) 597-6774,Nonprofit,Nursing Home or Equivalent Hospital Facility,SNAP/Employment Program Participants,Community service/volunteer opportunities; Shelter/housing support,Legal Aid,Based on client participation,Various locations throughout New York City,Legal Aid
Acacia Housing and Preservation,"1707 Topping Avenue, Bronx, NY 10457",,"1707 Topping Avenue, Bronx, NY 10457",Bronx,https://acacianetwork.org,(516) 597-6774,Nonprofit,Nursing Home or Equivalent Hospital Facility,SNAP/Employment Program Participants,Community service/volunteer opportunities; Shelter/housing support,Legal Aid,Based on client participation,Various locations throughout New York City,Legal Aid
Acacia Housing and Preservation,"88 West 169th Street, Bronx, NY 10452",,"88 West 169th Street, Bronx, NY 10452",Bronx,https://acacianetwork.org,(516) 597-6774,Nonprofit,Nursing Home or Equivalent Hospital Facility,SNAP/Employment Program Participants,Community service/volunteer opportunities; Shelter/housing support,Legal Aid,Based on client participation,Various locations throughout New York City,Legal Aid
Acacia Housing and Preservation,"934 Ogden Avenue, Bronx, NY 10457",,"934 Ogden Avenue, Bronx, NY 10457",Bronx,https://acacianetwork.org,(516) 597-6774,Nonprofit,Nursing Home or Equivalent Hospital Facility,SNAP/Employment Program Participants,Community service/volunteer opportunities; Shelter/housing support,Legal Aid,Based on client participation,Various locations throughout New York City,Legal Aid
Acacia Housing and Preservation,"946 Anderson Avenue, Bronx, NY 10452",,"946 Anderson Avenue, Bronx, NY 10452",Bronx,https://acacianetwork.org,(516) 597-6774,Nonprofit,Nursing Home or Equivalent Hospital Facility,SNAP/Employment Program Participants,Community service/volunteer opportunities; Shelter/housing support,Legal Aid,Based on client participation,Various locations throughout New York City,Legal Aid
Acacia Housing and Preservation 3-64 Column P udated,"920 Prospect Avenue, Bronx, NY 10459",,"920 Prospect Avenue, Bronx, NY 10459",Bronx,https://acacianetwork.org,(516) 597-6774,Nonprofit,Nursing Home or Equivalent Hospital Facility,SNAP/Employment Program Participants,Community service/volunteer opportunities; Shelter/housing support,Legal Aid,Based on client participation,Various locations throughout New York City,Legal Aid
Academy of Medical and Public Services,"5306 3rd Ave, 2nd Floor, Brooklyn, NY 11220",RaisingHealth Partners,"5306 3rd Ave, 2nd Floor, Brooklyn, NY 11220",Brooklyn,https://raisinghealth.org,(609) 510-3367,501(c)(3) Nonprofit,"RaisingHealth Partners supports and sustains the wellbeing of underserved communities through culturally competent health, education, and community-building programs. Through a holistic approach, we address longstanding disparities in health and social services, fill gaps in care that underserved communities face, and ensure our local community gets the support they deserve.",Adults 25+; Youth 14-24; Older Adults 50+; SNAP/Employment Program Participants,Community service/volunteer opportunities; Education or training; Food pantry/meal service; Administrative/office support; Arts/recreation,"We provide structured ESOL classes at three levels (Beginner, Intermediate, and Advanced), workforce opportunities including job trainings and support finding jobs, and a wide variety of weekly volunteer opportunities (including food pantry, translation/interpretation, administrative, communications, and professional).","RaisingHealth operates Tuesday-Saturday, 10am-6pm. Clients can participate across these dates and times. Our ESOL classes take place on weekdays from 10am-3pm and Saturdays from 10am-5pm. Volunteer opportunities are particularly available on Fridays and Saturdays but there are regularly opportunities throughout the week.","Sunset Park, Brooklyn - at our office addresses (provided on previous page)","ESOL classes: Around 7 hours weekly. Involves regularly attending classes and taking required examinations and quizzes.
Workforce opportunities: Anywhere from 0 to 5 hours weekly. Job trainings, individualized case management for job support, mentorship for entrepreneurs, workforce literacy education.
Volunteering opportunities: food pantry support (packing, transport) on Friday and Saturday mornings and afternoons; food pantry support, translation/interpretation, and line management support for health events all day on Saturdays (roughly monthly); ongoing administrative and professional needs such as data entry and analysis, office organization and filing, marketing and communications, fundraising, and strategy. Hours very flexible."
Academy of Medical and Public Services,"423 39th Street, 3rd Floor, Brooklyn, NY 11232",RaisingHealth Partners,"423 39th Street, 3rd Floor, Brooklyn, NY 11232",Brooklyn,https://raisinghealth.org,(609) 510-3367,501(c)(3) Nonprofit,"RaisingHealth Partners supports and sustains the wellbeing of underserved communities through culturally competent health, education, and community-building programs. Through a holistic approach, we address longstanding disparities in health and social services, fill gaps in care that underserved communities face, and ensure our local community gets the support they deserve.",Adults 25+; Youth 14-24; Older Adults 50+; SNAP/Employment Program Participants,Community service/volunteer opportunities; Education or training; Food pantry/meal service; Administrative/office support; Arts/recreation,"We provide structured ESOL classes at three levels (Beginner, Intermediate, and Advanced), workforce opportunities including job trainings and support finding jobs, and a wide variety of weekly volunteer opportunities (including food pantry, translation/interpretation, administrative, communications, and professional).","RaisingHealth operates Tuesday-Saturday, 10am-6pm. Clients can participate across these dates and times. Our ESOL classes take place on weekdays from 10am-3pm and Saturdays from 10am-5pm. Volunteer opportunities are particularly available on Fridays and Saturdays but there are regularly opportunities throughout the week.","Sunset Park, Brooklyn - at our office addresses (provided on previous page)","ESOL classes: Around 7 hours weekly. Involves regularly attending classes and taking required examinations and quizzes.
Workforce opportunities: Anywhere from 0 to 5 hours weekly. Job trainings, individualized case management for job support, mentorship for entrepreneurs, workforce literacy education.
Volunteering opportunities: food pantry support (packing, transport) on Friday and Saturday mornings and afternoons; food pantry support, translation/interpretation, and line management support for health events all day on Saturdays (roughly monthly); ongoing administrative and professional needs such as data entry and analysis, office organization and filing, marketing and communications, fundraising, and strategy. Hours very flexible."
Aempowerments Global Foundation Inc.,2622 Adam Clayton Powell Jr Blvd NYC NY 10039,Aempowerment,2622 Adam Clayton Powell Jr Blvd NYC NY 10039,Manhattan,,(332) 201-5438,501(c)(3) Nonprofit,"Aempowerment Organization is a 501(c)(3) Nonprofit dedicated to empowering underserved individuals and families by connecting them to essential resources that promote stability, dignity, and self-sufficiency. Our mission is to reduce barriers to basic needs by providing community-based support services and many more.",SNAP/Employment Program Participants; Youth 14-24; Adults 25+; Older Adults 50+; Individuals with disabilities,Education or training; Community service/volunteer opportunities,"Mental health awareness, community service, driving school program and school supports",Monday - Saturday (10am - 6pm),"Harlem, Nyc","Participants will engage in structured activities such as life skills workshops, educational support sessions, community service projects, and wellness programs. They may also take part in mentorship meetings, group discussions, and goal-setting activities."
Agape Community Resource & Food Access Program,"817 Livonia Ave Brooklyn, NY 11207",,"817 Livonia Ave Brooklyn, NY 11207",Brooklyn,,(718) 502-1928,501(c)(3) Nonprofit,"Agape Food Rescue exists to bridge the gap between surplus and need by partnering with local organizations to deliver nutritious food, support vulnerable populations, and build stronger, healthier communities.",Individuals with disabilities; Older Adults 50+; Adults 25+; Youth 14-24; justice-involved individuals; SNAP/Employment Program Participants,Community service/volunteer opportunities; Food pantry/meal service,"Agape Food Rescue provides community-based food access programs focused on reducing food insecurity and improving health outcomes. Services include weekly and pop-up food pantry distributions, prepared meal services, and medically tailored meals for individuals with chronic conditions.

Participants receive fresh produce, pantry staples, proteins, and culturally appropriate meals through structured distributions and outreach events. The organization partners with community groups, supportive housing programs, and healthcare entities to ensure equitable access to nutritious food.

In addition to food distribution, Agape offers volunteer and community engagement opportunities, nutrition support, and coordinated services that address social determinants of health, including food access, stability, and wellness.","Agape Food Rescue operates multiple distribution and service schedules to meet community needs: Weekly Pantry Distribution: 2?3 times per week (morning and afternoon hours) Pop-Up & Mobile Distributions: Scheduled throughout the week based on community need and partnerships Meal Preparation & Medically Tailored Meal Services: Ongoing, with scheduled delivery and pickup times Volunteer Opportunities: Available weekdays and weekends, aligned with distribution schedules Specific days and times may vary by location and partnership site; services are designed to be flexible and responsive to the community.",Main Location,"Participants will support daily food rescue and distribution operations through a variety of hands-on and community-based activities. Duties may include sorting and organizing donated food items, packing pantry bags and meal kits, assisting with food distribution events, and helping to maintain a clean and safe workspace.

Participants may also assist with setting up and breaking down pantry sites, engaging respectfully with community members, and supporting outreach efforts. Additional responsibilities can include basic administrative support, inventory tracking, and assisting with meal preparation for community and medically tailored meal programs.

All participants are expected to follow food safety guidelines, demonstrate professionalism, and contribute to a respectful, team-oriented environment while serving the community."
Agape Community Resource & Food Access Program,"461 Chester St Brooklyn, NY 11212",,"461 Chester St Brooklyn, NY 11212",Brooklyn,,(718) 502-1928,501(c)(3) Nonprofit,"Agape Food Rescue exists to bridge the gap between surplus and need by partnering with local organizations to deliver nutritious food, support vulnerable populations, and build stronger, healthier communities.",Individuals with disabilities; Older Adults 50+; Adults 25+; Youth 14-24; justice-involved individuals; SNAP/Employment Program Participants,Community service/volunteer opportunities; Food pantry/meal service,"Agape Food Rescue provides community-based food access programs focused on reducing food insecurity and improving health outcomes. Services include weekly and pop-up food pantry distributions, prepared meal services, and medically tailored meals for individuals with chronic conditions.

Participants receive fresh produce, pantry staples, proteins, and culturally appropriate meals through structured distributions and outreach events. The organization partners with community groups, supportive housing programs, and healthcare entities to ensure equitable access to nutritious food.

In addition to food distribution, Agape offers volunteer and community engagement opportunities, nutrition support, and coordinated services that address social determinants of health, including food access, stability, and wellness.","Agape Food Rescue operates multiple distribution and service schedules to meet community needs: Weekly Pantry Distribution: 2?3 times per week (morning and afternoon hours) Pop-Up & Mobile Distributions: Scheduled throughout the week based on community need and partnerships Meal Preparation & Medically Tailored Meal Services: Ongoing, with scheduled delivery and pickup times Volunteer Opportunities: Available weekdays and weekends, aligned with distribution schedules Specific days and times may vary by location and partnership site; services are designed to be flexible and responsive to the community.",Main Location,"Participants will support daily food rescue and distribution operations through a variety of hands-on and community-based activities. Duties may include sorting and organizing donated food items, packing pantry bags and meal kits, assisting with food distribution events, and helping to maintain a clean and safe workspace.

Participants may also assist with setting up and breaking down pantry sites, engaging respectfully with community members, and supporting outreach efforts. Additional responsibilities can include basic administrative support, inventory tracking, and assisting with meal preparation for community and medically tailored meal programs.

All participants are expected to follow food safety guidelines, demonstrate professionalism, and contribute to a respectful, team-oriented environment while serving the community."
"Agudath Israel of America, Community Services, Inc.","90 Bennett Avenue, NY, NY 10033",Moriah Senior Center,"90 Bennett Avenue, NY, NY 10033",Manhattan,https://moriahseniorcenter.org,(212) 923-5715,501(c)(3) Nonprofit CBO Older Adult Center,"Moriah Senior Center is dedicated to enhancing the quality of life of older adults in Washington Heights and Inwood by providing nutritious meals, social connection, educational and recreational programs, and supportive services in a warm, welcoming community for people of all backgrounds.",Older Adults 60+,Food pantry/meal service,"Volunteers at the Moriah Older Adult Luncheon Club assist with two primary roles during our daily lunch program. One opportunity is table service, where volunteers deliver full trays with plated meals to participants at their tables. Another role is soup service, where volunteers work behind the assembly line ladling soup and preparing tea for the servers to add to their trays.

For volunteers who are reliable and interested in additional responsibility, there may be an opportunity to advance to a check-in role assisting staff with the sign-in process, which includes scanning participant QR codes and obtaining required signatures. This role requires strong tech skills and the ability to work calmly in a fast-paced environment.",Monday - Thursday 1-2 pm Friday 12 pm - 1 pm,"90 Bennett Avenue, NY NY 10033","Participants are expected to behave in a professional and respectful manner, maintain proper hygiene, and be able to take direction from staff. Duties may include delivering full meal trays to participants at their tables, assisting with soup and tea service behind the assembly line, and helping ensure that lunch service runs smoothly.

For volunteers with the appropriate skills, additional responsibilities may include assisting with the check-in process by scanning participant QR codes and obtaining required signatures. This role requires strong tech skills and the ability to work calmly in a fast-paced environment."
Astra Home Care,"117 Church Ave Brooklyn, NY 11218",True Care Home Care,"117 Church Ave Brooklyn, NY 11218",Citywide,https://truecareny.com,(917) 757-3839,Community-Based Organization,"To provide personalized care that supports each clients' desire to remain independent and live comfortably and safely at home. Through trust and close collaboration with clients and their families, we ensure the highest quality care is in place, enabling individuals to preserve their dignity in the place they hold most dear.""",Youth 14-24; Adults 25+; Older Adults 50+; SNAP/Employment Program Participants,Education or training; Community service/volunteer opportunities; Home Care Services,"PCA Certification
Direct Employment Alignment
Facilitating the MLTC Pipeline
Home Care Services",9AM- 5PM,"391 EAST 149TH STREET SUITE 201 BRONX, NY 10455","Activities of Daily Living (ADLs)
Mobility and Safe Transfers
Nutritional Support and Homemaking
Health Monitoring and Companionship"
Astra Home Care,"125 Church Ave, Brooklyn, NY 11218",True Care Home Care,"125 Church Ave, Brooklyn, NY 11218",Citywide,https://truecareny.com,(917) 757-3839,Community-Based Organization,"To provide personalized care that supports each clients' desire to remain independent and live comfortably and safely at home. Through trust and close collaboration with clients and their families, we ensure the highest quality care is in place, enabling individuals to preserve their dignity in the place they hold most dear.""",Youth 14-24; Adults 25+; Older Adults 50+; SNAP/Employment Program Participants,Education or training; Community service/volunteer opportunities; Home Care Services,"PCA Certification
Direct Employment Alignment
Facilitating the MLTC Pipeline
Home Care Services",9AM- 5PM,"391 EAST 149TH STREET SUITE 201 BRONX, NY 10455","Activities of Daily Living (ADLs)
Mobility and Safe Transfers
Nutritional Support and Homemaking
Health Monitoring and Companionship"
Astra Home Care,"6020 Fort Hamilton Pkwy, Brooklyn, NY 11219",True Care Home Care,"6020 Fort Hamilton Pkwy, Brooklyn, NY 11219",Citywide,https://truecareny.com,(917) 757-3839,Community-Based Organization,"To provide personalized care that supports each clients' desire to remain independent and live comfortably and safely at home. Through trust and close collaboration with clients and their families, we ensure the highest quality care is in place, enabling individuals to preserve their dignity in the place they hold most dear.""",Youth 14-24; Adults 25+; Older Adults 50+; SNAP/Employment Program Participants,Education or training; Community service/volunteer opportunities; Home Care Services,"PCA Certification
Direct Employment Alignment
Facilitating the MLTC Pipeline
Home Care Services",9AM- 5PM,"391 EAST 149TH STREET SUITE 201 BRONX, NY 10455","Activities of Daily Living (ADLs)
Mobility and Safe Transfers
Nutritional Support and Homemaking
Health Monitoring and Companionship"
Astra Home Care,"391 E 149th St, Suite 201, Bronx, NY 10455",True Care Home Care,"391 E 149th St, Suite 201, Bronx, NY 10455",Citywide,https://truecareny.com,(917) 757-3839,Community-Based Organization,"To provide personalized care that supports each clients' desire to remain independent and live comfortably and safely at home. Through trust and close collaboration with clients and their families, we ensure the highest quality care is in place, enabling individuals to preserve their dignity in the place they hold most dear.""",Youth 14-24; Adults 25+; Older Adults 50+; SNAP/Employment Program Participants,Education or training; Community service/volunteer opportunities; Home Care Services,"PCA Certification
Direct Employment Alignment
Facilitating the MLTC Pipeline
Home Care Services",9AM- 5PM,"391 EAST 149TH STREET SUITE 201 BRONX, NY 10455","Activities of Daily Living (ADLs)
Mobility and Safe Transfers
Nutritional Support and Homemaking
Health Monitoring and Companionship"
Astra Home Care,"4175 Broadway, New York, NY 10033",True Care Home Care,"4175 Broadway, New York, NY 10033",Citywide,https://truecareny.com,(917) 757-3839,Community-Based Organization,"To provide personalized care that supports each clients' desire to remain independent and live comfortably and safely at home. Through trust and close collaboration with clients and their families, we ensure the highest quality care is in place, enabling individuals to preserve their dignity in the place they hold most dear.""",Youth 14-24; Adults 25+; Older Adults 50+; SNAP/Employment Program Participants,Education or training; Community service/volunteer opportunities; Home Care Services,"PCA Certification
Direct Employment Alignment
Facilitating the MLTC Pipeline
Home Care Services",9AM- 5PM,"391 EAST 149TH STREET SUITE 201 BRONX, NY 10455","Activities of Daily Living (ADLs)
Mobility and Safe Transfers
Nutritional Support and Homemaking
Health Monitoring and Companionship"
Astra Home Care,"92-10 165th St, 2nd Floor, Jamaica, NY 11433",True Care Home Care,"92-10 165th St, 2nd Floor, Jamaica, NY 11433",Citywide,https://truecareny.com,(917) 757-3839,Community-Based Organization,"To provide personalized care that supports each clients' desire to remain independent and live comfortably and safely at home. Through trust and close collaboration with clients and their families, we ensure the highest quality care is in place, enabling individuals to preserve their dignity in the place they hold most dear.""",Youth 14-24; Adults 25+; Older Adults 50+; SNAP/Employment Program Participants,Education or training; Community service/volunteer opportunities; Home Care Services,"PCA Certification
Direct Employment Alignment
Facilitating the MLTC Pipeline
Home Care Services",9AM- 5PM,"391 EAST 149TH STREET SUITE 201 BRONX, NY 10455","Activities of Daily Living (ADLs)
Mobility and Safe Transfers
Nutritional Support and Homemaking
Health Monitoring and Companionship"
Astra Home Care,"1838 Hylan Boulevard, Staten Island, NY 10305",True Care Home Care,"1838 Hylan Boulevard, Staten Island, NY 10305",Citywide,https://truecareny.com,(917) 757-3839,Community-Based Organization,"To provide personalized care that supports each clients' desire to remain independent and live comfortably and safely at home. Through trust and close collaboration with clients and their families, we ensure the highest quality care is in place, enabling individuals to preserve their dignity in the place they hold most dear.""",Youth 14-24; Adults 25+; Older Adults 50+; SNAP/Employment Program Participants,Education or training; Community service/volunteer opportunities; Home Care Services,"PCA Certification
Direct Employment Alignment
Facilitating the MLTC Pipeline
Home Care Services",9AM- 5PM,"391 EAST 149TH STREET SUITE 201 BRONX, NY 10455","Activities of Daily Living (ADLs)
Mobility and Safe Transfers
Nutritional Support and Homemaking
Health Monitoring and Companionship"
"Bath and Groom, Corp.",473 Macon Street Brooklyn NY 11233,BAGC,473 Macon Street Brooklyn NY 11233,Brooklyn,https://bathandgroom.org,(347) 986-5578,501(c)(3) Nonprofit,"Bath and Groom Corp is a 501(c)(3) Nonprofit organization dedicated and committed to spreading peace, prosperity, and awareness by putting people first. We deliver motivation, support, and positive guidance that strengthens individuals and communities. We advance awareness through a connected network of partnerships and programs designed to inform, empower, and uplift.",Youth 14-24; Adults 25+; Older Adults 50+; justice-involved individuals; Individuals with disabilities; SNAP/Employment Program Participants,Arts/recreation; Community service/volunteer opportunities; Administrative/office support; Education or training; Environmental/park cleanup,"SYEP, WLG, L & E and PPP",Open availability We work around participation,Remote services currently,"Expected Participant Activities/Duties (Remote ? Positive Inspiration Outreach)

Create uplifting content: Write/record short encouraging messages (posts, emails, texts, calls/scripts) aligned to program guidelines.
Respond with empathy: Reply to participants respectfully, validate feelings, and keep a supportive, non-judgmental tone.
Maintain boundaries: Offer encouragement and resources?avoid counseling, diagnosing, or making promises you can?t keep.
Share approved resources: Provide vetted hotlines, community services, and self-help tools when someone requests help or seems distressed.
Follow communication standards: Use approved channels only; maintain professional language and timely responses.
Protect confidentiality: Don?t share personal stories or participant details outside the program; store notes only where approved.
Report concerns promptly: Escalate safety risks (self-harm, abuse, threats) to the designated supervisor per protocol.
Track outreach activity: Log interactions, hours, and outcomes as required (without unnecessary personal details).
Participate in check-ins/training: Attend remote meetings, complete trainings, and apply feedback to improve support quality."
Black Chamber of Commerce of New York City Inc,"3903 Church Avenue, Brooklyn, NY 11203",New York City Black Chamber of Commerce,"3903 Church Avenue, Brooklyn, NY 11203",Brooklyn,https://bccnyc.org,(917) 328-9653,501(c)(3) Nonprofit,"To economically empower and sustain African American communities through entrepreneurship and capitalistic activity within New York City. The New York City Black Chamber of Commerce will provide support to small businesses to improve lines of communication for contracting and procurement opportunities. We will host events to improve opportunities for our members, as well as develop programs and events that will positively impact the community's development. We envision our organization to be a tool to promote stability among members. We hope to promote economic development and rebuild communities to support the vision and the mission of our members.",Youth 14-24; Adults 25+; Older Adults 50+; justice-involved individuals; SNAP/Employment Program Participants,Shelter/housing support; Administrative/office support; Community service/volunteer opportunities; Education or training,We have case management opportunities and administrative support.,9: 00 am - 6: 00 pm,Brooklyn (we also have workshops in Manhattan,"A Case Management Administrative Assistant provides crucial office and client support for case managers, handling tasks like scheduling, data entry, file management, client communication, appointment coordination, and paperwork for services, ensuring smooth operations and adherence to confidentiality while helping clients access resources and services in fields like healthcare, social work, or human services.
Key Responsibilities
Administrative Support: Data entry, managing files (physical & electronic), preparing documents, scheduling appointments, and handling correspondence.
Client Support: Answering client questions, assisting with applications, arranging service provider meetings, and ensuring clients understand available options.
Record Keeping: Maintaining accurate client records, ensuring confidentiality, and preparing reports for case reviews.
Coordination: Liaising with community agencies, service providers, and internal teams to connect clients with needed resources.
Team Assistance: Supporting case managers with client assessments, follow-ups, and sometimes crisis intervention.
Where They Work
Healthcare (hospitals, clinics)
Social Services (government agencies, non-profits)
Community Support Programs
Skills & Qualifications
Strong organizational and time management skills.
Proficiency with Microsoft Office Suite.
Excellent communication and interpersonal skills.
A High School Diploma is often required, with some roles preferring or requiring relevant experience or further education."
"Black Girls Can Heal, Inc.","2277 Andrews Avenue North Bronx, NY 10468",,"2277 Andrews Avenue North Bronx, NY 10468",Bronx,https://blackgirlscanheal.org,(718) 255-3322,501(c)(3) Nonprofit,"Empowering Black women and girls to heal wholly?mind, body, and soul?through faith-rooted, trauma-aware support, community care, wellness education, and accessible healing resources that nurture growth, restoration, and lasting transformation.",Youth 14-24; Adults 25+; Older Adults 50+; Individuals with disabilities; justice-involved individuals,Community service/volunteer opportunities; Education or training; Food pantry/meal service; Administrative/office support,"Volunteers with Black Girls Can Heal, Inc. have the opportunity to support community-centered outreach and wellness initiatives that serve underserved individuals and families. Service opportunities include participating in community healing events, assembling and distributing hygiene kits and food bags, supporting youth and wellness programs, assisting with event coordination, organizing donated resources, and helping create safe, welcoming spaces rooted in compassion, dignity, and community care.",8-4 PM EST,"Services and outreach initiatives take place throughout the Bronx, NY and surrounding communities through virtual programming, community centers, parks, schools, churches, and public community-based event spaces.","Volunteer responsibilities may include assembling and distributing hygiene kits and food bags, organizing donated items, supporting community outreach events, setting up and breaking down event spaces, assisting participants with resources, engaging with community members, supporting youth activities, and helping maintain a welcoming, respectful, and supportive environment."
Black Veterans for Social Justice,"665 Willoughby Avenue, Brooklyn, NY 11206",,"665 Willoughby Avenue, Brooklyn, NY 11206",Brooklyn,https://bvsj.org,(917) 968-8240,501(c)(3) Nonprofit,"Housing, employment, case management, and shelter services serving veterans, non-veterans, and the community.","Adults 25+; Older Adults 50+; justice-involved individuals; Individuals with disabilities; veterans, mentally ill, persons with HIV/AIDS, homeless, NYCHA residents",Community service/volunteer opportunities; Food pantry/meal service; Shelter/housing support; Administrative/office support; Arts/recreation,"While we have food pantry volunteer positions, our interest is to assist with SNAP benefits and associated services for clients and community residents.",M-F 9-5,665 Willoughby Avenue; 1448 Sterling Place; Brooklyn,"While we have food pantry volunteer positions, our interest is to assist with SNAP benefits."
Black Veterans for Social Justice,"1448 Sterling Avenue, Brooklyn, NY 11213",,"1448 Sterling Avenue, Brooklyn, NY 11213",Brooklyn,https://bvsj.org,(917) 968-8240,501(c)(3) Nonprofit,"Housing, employment, case management, and shelter services serving veterans, non-veterans, and the community.","Adults 25+; Older Adults 50+; justice-involved individuals; Individuals with disabilities; veterans, mentally ill, persons with HIV/AIDS, homeless, NYCHA residents",Community service/volunteer opportunities; Food pantry/meal service; Shelter/housing support; Administrative/office support; Arts/recreation,"While we have food pantry volunteer positions, our interest is to assist with SNAP benefits and associated services for clients and community residents.",M-F 9-5,665 Willoughby Avenue; 1448 Sterling Place; Brooklyn,"While we have food pantry volunteer positions, our interest is to assist with SNAP benefits."
Bridging Africa and Black America Incorporated,"1224 PROSPECT AVE APT 7A BRONX, NY 10459",BABA Inc.,"1224 PROSPECT AVE APT 7A BRONX, NY 10459",Bronx,https://instagram.com/baba.unity?igsh=OTI2c2R4enFneHpo,(917) 238-2644,501(c)(3) Nonprofit,"Bridging Africa and Black America Incorporated is a community based
organization that focuses on uniting the various Black ethnicities in New York City. Our impact is seen in the various community based projects that we have ventured on as early as 2020, when we were just an idea of our founding member. We also support sister organizations with logistics, fundraising and volunteering as well. Our mission is to call for unity in the diverse Black diaspora communities and provide culturally-tailored educational and social support services that build skills, promote self-efficacy, and improve the quality of life for individuals and families in those neighborhoods that reflect this diversity.

Without much money, outside of support from our founder, various board members and concerned citizens we have provided successful projects focused on our mission to build more reliability between the diverse Black ethnicities in NYC and abroad through community based projects.

Here is an outline and explanation of projects that BABA Inc. have engaged in over the last few years:
1. The Touray Tower Fire & Alarms Project
2. The Sine American Immigration Program
3. The Annual Black August Unity/Community
Cook Out
4. English and Civic Proficiency for new Immigrants
5. Eid Programming
6. Community Conversations and Builds on Pan Africanism and Community Unity",Youth 14-24; Adults 25+; Older Adults 50+; SNAP/Employment Program Participants,"Community service/volunteer opportunities; Education or training; Food pantry/meal service; Environmental/park cleanup; Community Mental Health modeled on Restorative Justice Principles, focused on using Circle engagement practices.","BABA Inc., in partnership with U.B.E.R.G. (United Boroughs Emergency Response Group), offers community-based emergency preparedness training, civic engagement, and mutual aid programming designed to meet the whole-person needs of ABAWD participants. Across all programs, BABA Inc. currently offers a minimum of 15 structured volunteer opportunities for CSP & SEVSP participants, with capacity to expand based on cohort size and program cycle.
? Emergency Preparedness Training (NYCEM Grantee NYC Strengthening Communities Co-hort 5) ? Hands-on workshops in first aid, disaster readiness, community communication systems, and neighborhood safety planning, equipping participants with practical, transferable skills. (2 volunteer opportunities: workshop facilitation support & outreach coordination)
? UBUNTU Block Cleanup, Beautification & Mural Project (LYB Grant Approved) ? A community-driven beautification initiative rooted in the African principle of collective care and shared responsibility. Offers 6 structured volunteer opportunities including block cleanup coordination, mural design support, community engagement outreach, supply logistics, site preparation, and post-project documentation.
? Monthly Community Food Pantry (Launching May 28, 2026) ? A recurring mutual aid pantry serving residents across our service area. Offers 5 volunteer opportunities including food sorting, distribution, client intake, multilingual navigation assistance, and site setup/breakdown.
? Community Health & Wellness Education ? Holistic health programming addressing mental wellness, nutrition, and preventive care. (volunteer opportunity: community health ambassador)
? Volunteer Leadership Development ? Structured pathways for participants to serve as community outreach volunteers, neighborhood liaisons, and emergency response team members, building work-readiness and civic capacity. (volunteer opportunity: junior team coordinator)
? Multilingual Outreach & Navigation Support ? Culturally competent services delivered in English, Spanish, French, Arabic, Pular, Malenke, and Wolof, ensuring access for immigrant and diaspora community members.
? Partner Network Referrals ? Warm referrals to tenant associations, faith-based institutions, and social service organizations within BABA Inc.?s coalition network for additional wraparound support.","Question 17 ? Hours of Operation & Client Participation Schedule: BABA Inc. and U.B.E.R.G. programs operate on a scheduled, recurring basis designed to accommodate working adults and volunteers. Based on client participation schedules include: ? Monthly Community Food Pantry ? The fourth Thursday of each month. Launching May 28, 2026, alternating monthly between Bronx and Harlem service sites. Distribution hours: TBD based on site coordination (5: 00 PM? 7: 00 PM) ? UBUNTU Block Cleanup, Beautification & Mural Project ? Weekend and weekday sessions scheduled in coordination with LYB Grant deliverable timelines. Volunteer shifts typically 3?4 hours per session. ? Emergency Preparedness Workshops ? Monthly or bi-monthly sessions, held on evenings and weekends to maximize community access. ? Community Health & Wellness Education ? Ongoing, integrated into pantry and community event programming. All schedules are communicated to participants via WhatsApp, social media, and Mailchimp email announcements.","BABA Inc. delivers services across two confirmed community sites, rotating monthly to maximize geographic reach across the Bronx and Harlem: Site 1 ? Bronx Location: Davidson Community Center 1221 Prospect Avenue, Bronx, NY 10459 (Primary site ? first pantry delivery May 28, 2026) Site 2 ? Harlem Location: Frederick Samuel Community Center 669 Malcolm X Blvd, Harlem, NY 10037 (Rotating monthly beginning June 2026) Both sites serve Community Districts 7?17 and are accessible by public transportation. Additional program activities, including the UBUNTU Project and emergency preparedness training, take place at and around these sites and within the surrounding neighborhoods. UBUNTU Block Clean-ups will span Community Districts 7-17, the Culminating Mural Project/Event will be located on W126th Street in Harlem between Amsterdam and Morningside Avenues.","Participants in CSP & SEVSP pathways will engage in structured, supervised volunteer activities across BABA Inc. and U.B.E.R.G. programs. Expected duties include:
? Food Pantry Operations ? Food sorting and organization, client intake and check-in, multilingual navigation assistance, distribution support, and site setup and breakdown at Davidson Community Center and Frederick Samuel Community Center on a rotating monthly basis.
? UBUNTU Block Cleanup, Beautification & Mural Project ? Block cleanup coordination, mural design support, community engagement outreach, supply logistics management, site preparation, and post-project documentation and photography.
? Emergency Preparedness Training Support ? Workshop facilitation assistance and community outreach coordination for training events.
? Community Health Education ? Serving as community health ambassadors, sharing wellness resources and referral information with neighbors at program sites.
? Volunteer Leadership ? Supporting junior coordination roles, helping orient new volunteers, managing sign-in logistics, and assisting program leads with scheduling and communications.
All participation activities are supervised by BABA Inc. and U.B.E.R.G. program leads. Volunteers receive orientation, task assignments, and hours documentation in compliance with CSP & SEVSP participation requirements.

Here is an outline of our policies in regards to Participant Safety:

BABA Inc. is committed to providing a safe, dignified, and supportive environment for all volunteers, participants, staff, and community members engaged in our programs. This policy establishes clear expectations and procedures to protect everyone involved in our operations across all service sites.

II. Scope
This policy applies to all BABA Inc. and U.B.E.R.G. volunteers, program participants, partner staff, and organizational leadership operating at any program site, event, or activity ? including but not limited to:
? Monthly Community Food Pantry (launching May 28, 2026)
? UBUNTU Block Cleanup, Beautification & Mural Project (LYB Grant Approved)
? Emergency Preparedness Trainings
? Community Health & Wellness Programming

III. General Safety Standards
All volunteers and participants are expected to:
? Treat every person at program sites with dignity, respect, and care
? Follow all instructions provided by BABA Inc. and U.B.E.R.G. program leads
? Wear any required personal protective equipment (PPE) provided for physical activities
? Refrain from reporting to any program site under the influence of alcohol or controlled substances
? Immediately report any unsafe conditions, hazards, or concerns to a program lead
? Refrain from bringing weapons or prohibited items to any program site
? Respect the confidentiality of all community members and fellow participants

IV. Site Safety Procedures
Before Each Program Activity:
? Program leads will conduct a brief safety orientation for all new volunteers and participants
? All volunteers and participants must sign in and receive a task assignment before beginning work
? Physical activity sites will be visually inspected by a program lead prior to the start of each session
During Program Activities:
? Volunteers engaged in physical tasks (lifting, cleanup, setup) must use proper body mechanics and request assistance for heavy loads
? All participants must remain within designated activity areas unless directed otherwise by a program lead
? First aid supplies will be available at all program sites
? At least one program lead or designated volunteer with basic first aid knowledge will be present at every event
After Each Program Activity:
? All sites must be left clean, organized, and safe for the host facility and surrounding community
? Program leads will conduct a brief debrief and document any incidents or concerns before closing out the session

V. Incident Reporting
Any accident, injury, safety concern, or misconduct at a BABA Inc. or U.B.E.R.G. program site must be:"
Bridging Africa and Black America Incorporated,"1221 Prospect Avenue Bronx, NY 10459",BABA Inc.,"1221 Prospect Avenue Bronx, NY 10459",Bronx,https://instagram.com/baba.unity?igsh=OTI2c2R4enFneHpo,(917) 238-2644,501(c)(3) Nonprofit,"Bridging Africa and Black America Incorporated is a community based
organization that focuses on uniting the various Black ethnicities in New York City. Our impact is seen in the various community based projects that we have ventured on as early as 2020, when we were just an idea of our founding member. We also support sister organizations with logistics, fundraising and volunteering as well. Our mission is to call for unity in the diverse Black diaspora communities and provide culturally-tailored educational and social support services that build skills, promote self-efficacy, and improve the quality of life for individuals and families in those neighborhoods that reflect this diversity.

Without much money, outside of support from our founder, various board members and concerned citizens we have provided successful projects focused on our mission to build more reliability between the diverse Black ethnicities in NYC and abroad through community based projects.

Here is an outline and explanation of projects that BABA Inc. have engaged in over the last few years:
1. The Touray Tower Fire & Alarms Project
2. The Sine American Immigration Program
3. The Annual Black August Unity/Community
Cook Out
4. English and Civic Proficiency for new Immigrants
5. Eid Programming
6. Community Conversations and Builds on Pan Africanism and Community Unity",Youth 14-24; Adults 25+; Older Adults 50+; SNAP/Employment Program Participants,"Community service/volunteer opportunities; Education or training; Food pantry/meal service; Environmental/park cleanup; Community Mental Health modeled on Restorative Justice Principles, focused on using Circle engagement practices.","BABA Inc., in partnership with U.B.E.R.G. (United Boroughs Emergency Response Group), offers community-based emergency preparedness training, civic engagement, and mutual aid programming designed to meet the whole-person needs of ABAWD participants. Across all programs, BABA Inc. currently offers a minimum of 15 structured volunteer opportunities for CSP & SEVSP participants, with capacity to expand based on cohort size and program cycle.
? Emergency Preparedness Training (NYCEM Grantee NYC Strengthening Communities Co-hort 5) ? Hands-on workshops in first aid, disaster readiness, community communication systems, and neighborhood safety planning, equipping participants with practical, transferable skills. (2 volunteer opportunities: workshop facilitation support & outreach coordination)
? UBUNTU Block Cleanup, Beautification & Mural Project (LYB Grant Approved) ? A community-driven beautification initiative rooted in the African principle of collective care and shared responsibility. Offers 6 structured volunteer opportunities including block cleanup coordination, mural design support, community engagement outreach, supply logistics, site preparation, and post-project documentation.
? Monthly Community Food Pantry (Launching May 28, 2026) ? A recurring mutual aid pantry serving residents across our service area. Offers 5 volunteer opportunities including food sorting, distribution, client intake, multilingual navigation assistance, and site setup/breakdown.
? Community Health & Wellness Education ? Holistic health programming addressing mental wellness, nutrition, and preventive care. (volunteer opportunity: community health ambassador)
? Volunteer Leadership Development ? Structured pathways for participants to serve as community outreach volunteers, neighborhood liaisons, and emergency response team members, building work-readiness and civic capacity. (volunteer opportunity: junior team coordinator)
? Multilingual Outreach & Navigation Support ? Culturally competent services delivered in English, Spanish, French, Arabic, Pular, Malenke, and Wolof, ensuring access for immigrant and diaspora community members.
? Partner Network Referrals ? Warm referrals to tenant associations, faith-based institutions, and social service organizations within BABA Inc.?s coalition network for additional wraparound support.","Question 17 ? Hours of Operation & Client Participation Schedule: BABA Inc. and U.B.E.R.G. programs operate on a scheduled, recurring basis designed to accommodate working adults and volunteers. Based on client participation schedules include: ? Monthly Community Food Pantry ? The fourth Thursday of each month. Launching May 28, 2026, alternating monthly between Bronx and Harlem service sites. Distribution hours: TBD based on site coordination (5: 00 PM? 7: 00 PM) ? UBUNTU Block Cleanup, Beautification & Mural Project ? Weekend and weekday sessions scheduled in coordination with LYB Grant deliverable timelines. Volunteer shifts typically 3?4 hours per session. ? Emergency Preparedness Workshops ? Monthly or bi-monthly sessions, held on evenings and weekends to maximize community access. ? Community Health & Wellness Education ? Ongoing, integrated into pantry and community event programming. All schedules are communicated to participants via WhatsApp, social media, and Mailchimp email announcements.","BABA Inc. delivers services across two confirmed community sites, rotating monthly to maximize geographic reach across the Bronx and Harlem: Site 1 ? Bronx Location: Davidson Community Center 1221 Prospect Avenue, Bronx, NY 10459 (Primary site ? first pantry delivery May 28, 2026) Site 2 ? Harlem Location: Frederick Samuel Community Center 669 Malcolm X Blvd, Harlem, NY 10037 (Rotating monthly beginning June 2026) Both sites serve Community Districts 7?17 and are accessible by public transportation. Additional program activities, including the UBUNTU Project and emergency preparedness training, take place at and around these sites and within the surrounding neighborhoods. UBUNTU Block Clean-ups will span Community Districts 7-17, the Culminating Mural Project/Event will be located on W126th Street in Harlem between Amsterdam and Morningside Avenues.","Participants in CSP & SEVSP pathways will engage in structured, supervised volunteer activities across BABA Inc. and U.B.E.R.G. programs. Expected duties include:
? Food Pantry Operations ? Food sorting and organization, client intake and check-in, multilingual navigation assistance, distribution support, and site setup and breakdown at Davidson Community Center and Frederick Samuel Community Center on a rotating monthly basis.
? UBUNTU Block Cleanup, Beautification & Mural Project ? Block cleanup coordination, mural design support, community engagement outreach, supply logistics management, site preparation, and post-project documentation and photography.
? Emergency Preparedness Training Support ? Workshop facilitation assistance and community outreach coordination for training events.
? Community Health Education ? Serving as community health ambassadors, sharing wellness resources and referral information with neighbors at program sites.
? Volunteer Leadership ? Supporting junior coordination roles, helping orient new volunteers, managing sign-in logistics, and assisting program leads with scheduling and communications.
All participation activities are supervised by BABA Inc. and U.B.E.R.G. program leads. Volunteers receive orientation, task assignments, and hours documentation in compliance with CSP & SEVSP participation requirements.

Here is an outline of our policies in regards to Participant Safety:

BABA Inc. is committed to providing a safe, dignified, and supportive environment for all volunteers, participants, staff, and community members engaged in our programs. This policy establishes clear expectations and procedures to protect everyone involved in our operations across all service sites.

II. Scope
This policy applies to all BABA Inc. and U.B.E.R.G. volunteers, program participants, partner staff, and organizational leadership operating at any program site, event, or activity ? including but not limited to:
? Monthly Community Food Pantry (launching May 28, 2026)
? UBUNTU Block Cleanup, Beautification & Mural Project (LYB Grant Approved)
? Emergency Preparedness Trainings
? Community Health & Wellness Programming

III. General Safety Standards
All volunteers and participants are expected to:
? Treat every person at program sites with dignity, respect, and care
? Follow all instructions provided by BABA Inc. and U.B.E.R.G. program leads
? Wear any required personal protective equipment (PPE) provided for physical activities
? Refrain from reporting to any program site under the influence of alcohol or controlled substances
? Immediately report any unsafe conditions, hazards, or concerns to a program lead
? Refrain from bringing weapons or prohibited items to any program site
? Respect the confidentiality of all community members and fellow participants

IV. Site Safety Procedures
Before Each Program Activity:
? Program leads will conduct a brief safety orientation for all new volunteers and participants
? All volunteers and participants must sign in and receive a task assignment before beginning work
? Physical activity sites will be visually inspected by a program lead prior to the start of each session
During Program Activities:
? Volunteers engaged in physical tasks (lifting, cleanup, setup) must use proper body mechanics and request assistance for heavy loads
? All participants must remain within designated activity areas unless directed otherwise by a program lead
? First aid supplies will be available at all program sites
? At least one program lead or designated volunteer with basic first aid knowledge will be present at every event
After Each Program Activity:
? All sites must be left clean, organized, and safe for the host facility and surrounding community
? Program leads will conduct a brief debrief and document any incidents or concerns before closing out the session

V. Incident Reporting
Any accident, injury, safety concern, or misconduct at a BABA Inc. or U.B.E.R.G. program site must be:"
Bridging Africa and Black America Incorporated,"669 Malcolm X Blvd Harlem, NY 10037",BABA Inc.,"669 Malcolm X Blvd Harlem, NY 10037",Bronx,https://instagram.com/baba.unity?igsh=OTI2c2R4enFneHpo,(917) 238-2644,501(c)(3) Nonprofit,"Bridging Africa and Black America Incorporated is a community based
organization that focuses on uniting the various Black ethnicities in New York City. Our impact is seen in the various community based projects that we have ventured on as early as 2020, when we were just an idea of our founding member. We also support sister organizations with logistics, fundraising and volunteering as well. Our mission is to call for unity in the diverse Black diaspora communities and provide culturally-tailored educational and social support services that build skills, promote self-efficacy, and improve the quality of life for individuals and families in those neighborhoods that reflect this diversity.

Without much money, outside of support from our founder, various board members and concerned citizens we have provided successful projects focused on our mission to build more reliability between the diverse Black ethnicities in NYC and abroad through community based projects.

Here is an outline and explanation of projects that BABA Inc. have engaged in over the last few years:
1. The Touray Tower Fire & Alarms Project
2. The Sine American Immigration Program
3. The Annual Black August Unity/Community
Cook Out
4. English and Civic Proficiency for new Immigrants
5. Eid Programming
6. Community Conversations and Builds on Pan Africanism and Community Unity",Youth 14-24; Adults 25+; Older Adults 50+; SNAP/Employment Program Participants,"Community service/volunteer opportunities; Education or training; Food pantry/meal service; Environmental/park cleanup; Community Mental Health modeled on Restorative Justice Principles, focused on using Circle engagement practices.","BABA Inc., in partnership with U.B.E.R.G. (United Boroughs Emergency Response Group), offers community-based emergency preparedness training, civic engagement, and mutual aid programming designed to meet the whole-person needs of ABAWD participants. Across all programs, BABA Inc. currently offers a minimum of 15 structured volunteer opportunities for CSP & SEVSP participants, with capacity to expand based on cohort size and program cycle.
? Emergency Preparedness Training (NYCEM Grantee NYC Strengthening Communities Co-hort 5) ? Hands-on workshops in first aid, disaster readiness, community communication systems, and neighborhood safety planning, equipping participants with practical, transferable skills. (2 volunteer opportunities: workshop facilitation support & outreach coordination)
? UBUNTU Block Cleanup, Beautification & Mural Project (LYB Grant Approved) ? A community-driven beautification initiative rooted in the African principle of collective care and shared responsibility. Offers 6 structured volunteer opportunities including block cleanup coordination, mural design support, community engagement outreach, supply logistics, site preparation, and post-project documentation.
? Monthly Community Food Pantry (Launching May 28, 2026) ? A recurring mutual aid pantry serving residents across our service area. Offers 5 volunteer opportunities including food sorting, distribution, client intake, multilingual navigation assistance, and site setup/breakdown.
? Community Health & Wellness Education ? Holistic health programming addressing mental wellness, nutrition, and preventive care. (volunteer opportunity: community health ambassador)
? Volunteer Leadership Development ? Structured pathways for participants to serve as community outreach volunteers, neighborhood liaisons, and emergency response team members, building work-readiness and civic capacity. (volunteer opportunity: junior team coordinator)
? Multilingual Outreach & Navigation Support ? Culturally competent services delivered in English, Spanish, French, Arabic, Pular, Malenke, and Wolof, ensuring access for immigrant and diaspora community members.
? Partner Network Referrals ? Warm referrals to tenant associations, faith-based institutions, and social service organizations within BABA Inc.?s coalition network for additional wraparound support.","Question 17 ? Hours of Operation & Client Participation Schedule: BABA Inc. and U.B.E.R.G. programs operate on a scheduled, recurring basis designed to accommodate working adults and volunteers. Based on client participation schedules include: ? Monthly Community Food Pantry ? The fourth Thursday of each month. Launching May 28, 2026, alternating monthly between Bronx and Harlem service sites. Distribution hours: TBD based on site coordination (5: 00 PM? 7: 00 PM) ? UBUNTU Block Cleanup, Beautification & Mural Project ? Weekend and weekday sessions scheduled in coordination with LYB Grant deliverable timelines. Volunteer shifts typically 3?4 hours per session. ? Emergency Preparedness Workshops ? Monthly or bi-monthly sessions, held on evenings and weekends to maximize community access. ? Community Health & Wellness Education ? Ongoing, integrated into pantry and community event programming. All schedules are communicated to participants via WhatsApp, social media, and Mailchimp email announcements.","BABA Inc. delivers services across two confirmed community sites, rotating monthly to maximize geographic reach across the Bronx and Harlem: Site 1 ? Bronx Location: Davidson Community Center 1221 Prospect Avenue, Bronx, NY 10459 (Primary site ? first pantry delivery May 28, 2026) Site 2 ? Harlem Location: Frederick Samuel Community Center 669 Malcolm X Blvd, Harlem, NY 10037 (Rotating monthly beginning June 2026) Both sites serve Community Districts 7?17 and are accessible by public transportation. Additional program activities, including the UBUNTU Project and emergency preparedness training, take place at and around these sites and within the surrounding neighborhoods. UBUNTU Block Clean-ups will span Community Districts 7-17, the Culminating Mural Project/Event will be located on W126th Street in Harlem between Amsterdam and Morningside Avenues.","Participants in CSP & SEVSP pathways will engage in structured, supervised volunteer activities across BABA Inc. and U.B.E.R.G. programs. Expected duties include:
? Food Pantry Operations ? Food sorting and organization, client intake and check-in, multilingual navigation assistance, distribution support, and site setup and breakdown at Davidson Community Center and Frederick Samuel Community Center on a rotating monthly basis.
? UBUNTU Block Cleanup, Beautification & Mural Project ? Block cleanup coordination, mural design support, community engagement outreach, supply logistics management, site preparation, and post-project documentation and photography.
? Emergency Preparedness Training Support ? Workshop facilitation assistance and community outreach coordination for training events.
? Community Health Education ? Serving as community health ambassadors, sharing wellness resources and referral information with neighbors at program sites.
? Volunteer Leadership ? Supporting junior coordination roles, helping orient new volunteers, managing sign-in logistics, and assisting program leads with scheduling and communications.
All participation activities are supervised by BABA Inc. and U.B.E.R.G. program leads. Volunteers receive orientation, task assignments, and hours documentation in compliance with CSP & SEVSP participation requirements.

Here is an outline of our policies in regards to Participant Safety:

BABA Inc. is committed to providing a safe, dignified, and supportive environment for all volunteers, participants, staff, and community members engaged in our programs. This policy establishes clear expectations and procedures to protect everyone involved in our operations across all service sites.

II. Scope
This policy applies to all BABA Inc. and U.B.E.R.G. volunteers, program participants, partner staff, and organizational leadership operating at any program site, event, or activity ? including but not limited to:
? Monthly Community Food Pantry (launching May 28, 2026)
? UBUNTU Block Cleanup, Beautification & Mural Project (LYB Grant Approved)
? Emergency Preparedness Trainings
? Community Health & Wellness Programming

III. General Safety Standards
All volunteers and participants are expected to:
? Treat every person at program sites with dignity, respect, and care
? Follow all instructions provided by BABA Inc. and U.B.E.R.G. program leads
? Wear any required personal protective equipment (PPE) provided for physical activities
? Refrain from reporting to any program site under the influence of alcohol or controlled substances
? Immediately report any unsafe conditions, hazards, or concerns to a program lead
? Refrain from bringing weapons or prohibited items to any program site
? Respect the confidentiality of all community members and fellow participants

IV. Site Safety Procedures
Before Each Program Activity:
? Program leads will conduct a brief safety orientation for all new volunteers and participants
? All volunteers and participants must sign in and receive a task assignment before beginning work
? Physical activity sites will be visually inspected by a program lead prior to the start of each session
During Program Activities:
? Volunteers engaged in physical tasks (lifting, cleanup, setup) must use proper body mechanics and request assistance for heavy loads
? All participants must remain within designated activity areas unless directed otherwise by a program lead
? First aid supplies will be available at all program sites
? At least one program lead or designated volunteer with basic first aid knowledge will be present at every event
After Each Program Activity:
? All sites must be left clean, organized, and safe for the host facility and surrounding community
? Program leads will conduct a brief debrief and document any incidents or concerns before closing out the session

V. Incident Reporting
Any accident, injury, safety concern, or misconduct at a BABA Inc. or U.B.E.R.G. program site must be:"
"Broadway Community, Inc","601 W 114th St, New York, NY 10025",,"601 W 114th St, New York, NY 10025",Manhattan,https://broadwaycommunity.org,(212) 864 6100 x120,501(c)(3) Nonprofit,"Founded in 1982, Broadway Community?s mission is to serve as a bridge from crisis to stability for New Yorkers experiencing homelessness, hunger, mental illness, and social isolation. Located on 114th Street and Broadway, we operate a robust continuum of care that includes a soup kitchen, a seven-night-a-week shelter, a food pantry, on-site medical services, showers, case management, supportive counseling, employment assistance, housing navigation, and more. Each week, we help hundreds of our neighbors meet their basic needs and access the resources they need to improve their life circumstances.",Adults 25+; Youth 14-24; Older Adults 50+; justice-involved individuals; Individuals with disabilities; SNAP/Employment Program Participants,Community service/volunteer opportunities; Food pantry/meal service; Education or training; Shelter/housing support,"Soup kitchen and food pantry serve hundreds of people each day experiencing homelessness, food insecurity, mental illness, and social isolation. Participants are welcome to volunteer with these two programs.","Monday, Tuesday, Wednesday, and Friday 9: 00am - 3: 00pm",Upper West Side/Morningside Heights,"Participants will assist with meal preparation, receiving and organizing deliveries, and creating a warm and welcoming environment for all who enter into our space."
Bronx Community Board 9,"1967 Turnbull Ave, Suite 201, Bronx, NY 10473",,"1967 Turnbull Ave, Suite 201, Bronx, NY 10473",Bronx,https://nyc.gov/bxcb9,(646) 938-0576,Government Agency,"Bronx Community Board 9 serves the communities of Bronx River, Castle Hill, Clason Point, Harding Park, Parkchester, Park Stratton, Soundview/Bruckner, & Unionport. Our boarders include Bronx River Avenue to Commerce Avenue and from East Tremont to the Bronx River. Census information calculates our population to well over 172, 000 making us the largest community board in the Bronx.

Bronx Community Board 9?s mission is to create family friendly neighborhoods for all, upgrade our education system, re-design our parks and recreation, and encourage youth development. Bronx Community Board 9 acts as the liaison for senior services, disability, veterans and housing concerns throughout the district and creates policy and recommendations in regards to building new affordable housing units. We service NYS liquor license application recommendations, street activity permit applications, street re-naming applications, and promote public safety throughout our community.",Youth 14-24; Adults 25+; Older Adults 50+; All Residents of Community District 9,Community service/volunteer opportunities; Administrative/office support; Referrals and City Service Delivery,"Participants would have the opportunity to assist with district wide events, provide support for committee meetings and general board meetings, and support every day office operations.",Mon-Fri 9am-2pm for office related tasks and evenings 6: 30-8pm for committee and general board meeting support. Event schedules vary.,"CB9 Office, 1967 Turnbull Avenue Suite 201","Participants would assist with answering calls and responding to voicemails, databasing and filing in office, setting up for meetings, note-taking at committee and general board meetings, setting up for events, volunteering at events, and clean-up efforts in office and at events."
"CAMBA, Inc.","1720 Church Avenue, Brooklyn, NY 11226",CAMBA,"1720 Church Avenue, Brooklyn, NY 11226",Brooklyn,https://camba.org,(917) 936-9191,501(c)(3) Nonprofit,"CAMBA is a Nonprofit agency that provides services that connect people with opportunities to enhance their quality of life through over 180 programs, laying the groundwork for economic stability, educational fulfillment, strong families, and a healthy life.","Youth 14-24; Adults 25+; Older Adults 50+; justice-involved individuals; Individuals with disabilities; SNAP/Employment Program Participants; homeless individuals and families, children,","Community service/volunteer opportunities; Education or training; Food pantry/meal service; Shelter/housing support; Administrative/office support; Arts/recreation; school based programs, domestic violence, legal services, and more.",We are responding now for our food pantry. We provide emergency food packages for community members experience food insecurity. We rely heavily on a team of committed volunteers and want to be able to support them in meeting their ABAWD requirements.,"The office hours are 9-5, m-f. Food distribution happens 10-1 Tuesdays and Thursdays. Volunteer shifts are available during most business hours.","21 Snyder Ave, Brooklyn, NY 11226",Support CAMBA's emergency food pantry.
"CAMBA, Inc.","21 Snyder Avenue, Brooklyn, NY 11226",CAMBA,"21 Snyder Avenue, Brooklyn, NY 11226",Brooklyn,https://camba.org,(917) 936-9191,501(c)(3) Nonprofit,"CAMBA is a Nonprofit agency that provides services that connect people with opportunities to enhance their quality of life through over 180 programs, laying the groundwork for economic stability, educational fulfillment, strong families, and a healthy life.","Youth 14-24; Adults 25+; Older Adults 50+; justice-involved individuals; Individuals with disabilities; SNAP/Employment Program Participants; homeless individuals and families, children,","Community service/volunteer opportunities; Education or training; Food pantry/meal service; Shelter/housing support; Administrative/office support; Arts/recreation; school based programs, domestic violence, legal services, and more.",We are responding now for our food pantry. We provide emergency food packages for community members experience food insecurity. We rely heavily on a team of committed volunteers and want to be able to support them in meeting their ABAWD requirements.,"The office hours are 9-5, m-f. Food distribution happens 10-1 Tuesdays and Thursdays. Volunteer shifts are available during most business hours.","21 Snyder Ave, Brooklyn, NY 11226",Support CAMBA's emergency food pantry.
CATHOLIC CHARITIES BROOKLYN & QUEENS,"191 Joralemon St, Brooklyn, NY 11201",OFFICE OF MISSION,"191 Joralemon St, Brooklyn, NY 11201",Brooklyn,https://ccbq.org,(347) 585-7524,Community-Based Organization,"The mission of Catholic Charities Brooklyn and Queens is to translate the Gospel of Jesus Christ into action by affirming the dignity and value of every person, especially the most vulnerable members of our diverse society. Catholic Charities develops effective responses to human need and joins with all people of good will in advocating for a social order that promotes justice and embraces human development.",Youth 14-24; Adults 25+; Older Adults 50+; justice-involved individuals; Individuals with disabilities; SNAP/Employment Program Participants,Community service/volunteer opportunities; Education or training; Food pantry/meal service; Shelter/housing support; Administrative/office support,"Emergency and Food Assistance
Affordable Housing
Homelessness Prevention
Services for children and families
Youth and Young Adult Services
Older Adult Programs
Older Adult Centers
Behavioral Health
Opioid Treatment Program
Immigration Assistance
Community Outreach",MONDAY - FRIDAY 9: 00 AM 5: 00 PM,191 JORALEMON STREET,"Emergency and Food Assistance
Affordable Housing
Homelessness Prevention
Services for children and families
Youth and Young Adult Services
Older Adult Programs
Older Adult Centers
Behavioral Health
Opioid Treatment Program
Immigration Assistance
Community Outreach"
"Central Family Life Center, Inc.","393 Van Duzer Street, Staten Island, NY 10304",Central Family Life Center,"393 Van Duzer Street, Staten Island, NY 10304",Staten Island,https://centralfamilylifecenter.org,(718) 273-8414,501(c)(3) Nonprofit,"The mission of the Central Family Life Center is to provide Staten Island individuals including children, seniors, at risk youth and families of varying backgrounds with the needed services, programs, and opportunities to improve their overall well-being.",Youth 14-24; Adults 25+; Older Adults 50+; justice-involved individuals; Individuals with disabilities; SNAP/Employment Program Participants,Community service/volunteer opportunities,"The CFLC Community Ambassador Volunteer program is a collaboration with NYC Health. Participants will have a chance to make a positive impact in their community by sharing important health information, connecting neighbors to resources, and supporting CFLC programs in North Shore neighborhoods from April 1, 2026 to June 30th 2026.","Varies. CFLC hours of operation are 10am to 6pm. Based on client participation will include supporting scheduled community meetings in the evening and/or scheduled community events on the weekends, as needed..","Varies. On-site location: CFLC office, offsite location could be in 10301, 10302, 10303, 10304, 10310. Virtual is also a possibility to support community engagement via Zoom.","Participant activities/duties include, but are not limited to, Community Outreach, Street Canvassing, Message Dissemination, Data Collection, Small Group Presentation, Providing Information and Resources at Community Events, Sharing Health Information with Community Members in person or virtually, Assistance with Community Health Events and Programming"
"Christ Disciples International Ministries, Inc","399 East Mosholu Parkway North, Bronx, NY 10467",Christ Disciples International Food Program,"399 East Mosholu Parkway North, Bronx, NY 10467",Bronx,https://christdisciples.org,(646) 294-7726,Faith-Based Organization,"Christ Disciples International Ministries, Inc. is a faith-based 501(c)(3) Nonprofit organization committed to combating hunger and strengthening communities. Our mission is to fight food insecurity by providing supportive services that empower individuals and families to become self-reliant, confident, and resilient, while addressing the broader socioeconomic challenges that often accompany hunger.

We accomplish this through a holistic, community-centered approach, leveraging strategic partnerships with local organizations to increase access to nutritious food, technology, and essential resources. Our programs include nutrition assistance, food sourcing and distribution, computer literacy training, advocacy, counseling, and comprehensive information and referral services?working together to restore dignity, stability, and hope for those we serve.",Youth 14-24; Adults 25+; Older Adults 50+; justice-involved individuals; Individuals with disabilities,Community service/volunteer opportunities; Food pantry/meal service; Shelter/housing support; Education or training,"They will receive food deliveries, and stock them in FIFO order, help in getting the foods ready for distribution. They will enter clients' information into our Plentiful App, clean program space and control food distribution lines, among other responsibilities.","Monday, Wednesday and Saturday. 9: 00 am - 1: 30 pm","3031 Webster Avenue, Bronx, NY 10467","They will receive food deliveries, and stock them in FIFO order, help in getting the foods ready for distribution. They will enter clients' information into our Plentiful App, clean program space and control food distribution lines, among other responsibilities."
"Christ Disciples International Ministries, Inc","3031 Webster Avenue, Bronx, NY 10467",Christ Disciples International Food Program,"3031 Webster Avenue, Bronx, NY 10467",Bronx,https://christdisciples.org,(646) 294-7726,Faith-Based Organization,"Christ Disciples International Ministries, Inc. is a faith-based 501(c)(3) Nonprofit organization committed to combating hunger and strengthening communities. Our mission is to fight food insecurity by providing supportive services that empower individuals and families to become self-reliant, confident, and resilient, while addressing the broader socioeconomic challenges that often accompany hunger.

We accomplish this through a holistic, community-centered approach, leveraging strategic partnerships with local organizations to increase access to nutritious food, technology, and essential resources. Our programs include nutrition assistance, food sourcing and distribution, computer literacy training, advocacy, counseling, and comprehensive information and referral services?working together to restore dignity, stability, and hope for those we serve.",Youth 14-24; Adults 25+; Older Adults 50+; justice-involved individuals; Individuals with disabilities,Community service/volunteer opportunities; Food pantry/meal service; Shelter/housing support; Education or training,"They will receive food deliveries, and stock them in FIFO order, help in getting the foods ready for distribution. They will enter clients' information into our Plentiful App, clean program space and control food distribution lines, among other responsibilities.","Monday, Wednesday and Saturday. 9: 00 am - 1: 30 pm","3031 Webster Avenue, Bronx, NY 10467","They will receive food deliveries, and stock them in FIFO order, help in getting the foods ready for distribution. They will enter clients' information into our Plentiful App, clean program space and control food distribution lines, among other responsibilities."
Christ Jesus Baptist Church,"214 Lenox Ave, New York, NY 10027",,"214 Lenox Ave, New York, NY 10027",Manhattan,,(347) 388-5992,Faith-Based Organization,"Christ Jesus Baptist Church, Inc. is a faith based organization. Our mission is to feed the people as is said
in the Bible, you should feed the people. Our food pantry, NahYah, serves the Bronx population that is in
need of food. They are working families, the elderly, impoverished, rehabilitating from an addiction,
homeless and/or shelter bound, and survivors of COVID 19.
It's a joy to be able to serve the community with food that is truly needed.
Our Mission is also to empower these very people in the form of financial advice and referrals to
resources, counseling marital issues, housing, clothing, and assist in resume writing and referrals to work
training programs.
The promotion of non-violence is also a primary focus for our organization. We facilitate, in
coordination with the Alternatives to Violence Program, conflict resolution workshops within the
community and in the prisons.",Youth 14-24; Adults 25+; Older Adults 50+; justice-involved individuals; Individuals with disabilities; SNAP/Employment Program Participants,Community service/volunteer opportunities; Food pantry/meal service; Shelter/housing support,"We operate a food pantry weekly, assistance with receiving delivery. Assistance","Tues 830am to 2pm, Wed 830am to 5pm, Thursday, 10am to 2pm","431 Southern Blvd, Bronx, NY 10455","pantry receiving deliveries, stocking shelves, making appointments, receiving clients, serving, light cleaning, SNAP assistance, VITA tax preparation, client intake and entry into Plentiful, assist with Plentifulapp"
Christ Jesus Baptist Church,"431 Southern Blvd, Bronx, NY 10455",,"431 Southern Blvd, Bronx, NY 10455",Manhattan,,(347) 388-5992,Faith-Based Organization,"Christ Jesus Baptist Church, Inc. is a faith based organization. Our mission is to feed the people as is said
in the Bible, you should feed the people. Our food pantry, NahYah, serves the Bronx population that is in
need of food. They are working families, the elderly, impoverished, rehabilitating from an addiction,
homeless and/or shelter bound, and survivors of COVID 19.
It's a joy to be able to serve the community with food that is truly needed.
Our Mission is also to empower these very people in the form of financial advice and referrals to
resources, counseling marital issues, housing, clothing, and assist in resume writing and referrals to work
training programs.
The promotion of non-violence is also a primary focus for our organization. We facilitate, in
coordination with the Alternatives to Violence Program, conflict resolution workshops within the
community and in the prisons.",Youth 14-24; Adults 25+; Older Adults 50+; justice-involved individuals; Individuals with disabilities; SNAP/Employment Program Participants,Community service/volunteer opportunities; Food pantry/meal service; Shelter/housing support,"We operate a food pantry weekly, assistance with receiving delivery. Assistance","Tues 830am to 2pm, Wed 830am to 5pm, Thursday, 10am to 2pm","431 Southern Blvd, Bronx, NY 10455","pantry receiving deliveries, stocking shelves, making appointments, receiving clients, serving, light cleaning, SNAP assistance, VITA tax preparation, client intake and entry into Plentiful, assist with Plentifulapp"
Church of St Mark Food Pantry,"1417 Union Street Brooklyn, NY 11213",Church of St Mark Food Pantry.,"1417 Union Street Brooklyn, NY 11213",Brooklyn,https://stmarkbrooklyn.org,(917) 903-9536,Faith-Based Organization,"We will endeavor to make sure that no one in our immediate community goest bed hungry, by always having an adequate supply of food available.",Adults 25+; Individuals with disabilities; Older Adults 50+,Food pantry/meal service,"Participants will be trained to accept deliveries, serve clients and storeroom
operations",5-10 hours weekly,"1417 Union Street, Brooklyn. 11213","To accept deliveries, set up location for
client choice distribution"
"CITY RELIEF, INC.","Chelsea Park, West 28th Street between 9th Avenue and 10th Avenue, New York, NY 10001",City Relief,"Chelsea Park, West 28th Street between 9th Avenue and 10th Avenue, New York, NY 10001",Bronx,https://cityrelief.org,(646) 685-4346,501(c)(3) Nonprofit,Interested in Serving? Visit our website to sign up for an outreach in your area: www.cityrelief.org/volunteer,Youth 14-24; Adults 25+; Older Adults 50+; justice-involved individuals; Individuals with disabilities; SNAP/Employment Program Participants; People experiencing homelessness and food insecurity,Community service/volunteer opportunities; Food pantry/meal service,"We begin by offering our outreach guests the
essentials they need to get through the day. Our
outreaches serve as pop-up care centers, where
staff and volunteers provide hot meals, distribute
hygiene kits and socks, and offer prayer for
those who want it. It?s a space where everyone is
welcome, and help is always within reach.

Volunteers assist with a variety of activities such as

1.Setting up tables, chairs, and tents on the street.

2.Pass out soup, bread, & beverages, and offer socks (& more!) to visitors at outreach.

3.Maintain a high level of cleanliness at and around the outreach.

4.Travel in teams around the nearby area to invite guests to the outreach.

5.Assist with site clean up and breakdown of tables, chairs, and tents.

Volunteers are encouraged to personally interact, through conversation, a shared meal, and even prayer with the people we serve. As a volunteer, you will help connect guests to City Relief staff for a Life Care Visit; a conversation where hope and tailored resources are offered.

*Please note that all City Relief outreaches take place outside rain or shine.

Minors: Must be 16+. Those under 18 need a parent?s consent and an adult chaperone (1 per 4 minors).

Attendance: Commit to the full outreach. Cancel in advance if you can?t make it?repeated no-shows may lead to suspension.

What to Wear: Dress for the weather and wear closed-toed shoes. Avoid expensive clothing, jewelry, or anything with inappropriate messages. Try to bring only what you need.","Wednesday to Saturday, 10: 00am to 1: 30pm","(see addresses in question ""additional locations"")","Volunteers assist with a variety of activities such as

1.Setting up tables, chairs, and tents on the street.

2.Pass out soup, bread, & beverages, and offer socks (& more!) to visitors at outreach.

3.Maintain a high level of cleanliness at and around the outreach.

4.Travel in teams around the nearby area to invite guests to the outreach.

5.Assist with site clean up and breakdown of tables, chairs, and tents.

Volunteers are encouraged to personally interact, through conversation, a shared meal, and even prayer with the people we serve. As a volunteer, you will help connect guests to City Relief staff for a Life Care Visit; a conversation where hope and tailored resources are offered."
"CITY RELIEF, INC.","Salvation Army Harlem Temple, 540 Malcolm X Blvd at West 138th Street, New York, NY 10037",City Relief,"Salvation Army Harlem Temple, 540 Malcolm X Blvd at West 138th Street, New York, NY 10037",Bronx,https://cityrelief.org,(646) 685-4346,501(c)(3) Nonprofit,Interested in Serving? Visit our website to sign up for an outreach in your area: www.cityrelief.org/volunteer,Youth 14-24; Adults 25+; Older Adults 50+; justice-involved individuals; Individuals with disabilities; SNAP/Employment Program Participants; People experiencing homelessness and food insecurity,Community service/volunteer opportunities; Food pantry/meal service,"We begin by offering our outreach guests the
essentials they need to get through the day. Our
outreaches serve as pop-up care centers, where
staff and volunteers provide hot meals, distribute
hygiene kits and socks, and offer prayer for
those who want it. It?s a space where everyone is
welcome, and help is always within reach.

Volunteers assist with a variety of activities such as

1.Setting up tables, chairs, and tents on the street.

2.Pass out soup, bread, & beverages, and offer socks (& more!) to visitors at outreach.

3.Maintain a high level of cleanliness at and around the outreach.

4.Travel in teams around the nearby area to invite guests to the outreach.

5.Assist with site clean up and breakdown of tables, chairs, and tents.

Volunteers are encouraged to personally interact, through conversation, a shared meal, and even prayer with the people we serve. As a volunteer, you will help connect guests to City Relief staff for a Life Care Visit; a conversation where hope and tailored resources are offered.

*Please note that all City Relief outreaches take place outside rain or shine.

Minors: Must be 16+. Those under 18 need a parent?s consent and an adult chaperone (1 per 4 minors).

Attendance: Commit to the full outreach. Cancel in advance if you can?t make it?repeated no-shows may lead to suspension.

What to Wear: Dress for the weather and wear closed-toed shoes. Avoid expensive clothing, jewelry, or anything with inappropriate messages. Try to bring only what you need.","Wednesday to Saturday, 10: 00am to 1: 30pm","(see addresses in question ""additional locations"")","Volunteers assist with a variety of activities such as

1.Setting up tables, chairs, and tents on the street.

2.Pass out soup, bread, & beverages, and offer socks (& more!) to visitors at outreach.

3.Maintain a high level of cleanliness at and around the outreach.

4.Travel in teams around the nearby area to invite guests to the outreach.

5.Assist with site clean up and breakdown of tables, chairs, and tents.

Volunteers are encouraged to personally interact, through conversation, a shared meal, and even prayer with the people we serve. As a volunteer, you will help connect guests to City Relief staff for a Life Care Visit; a conversation where hope and tailored resources are offered."
"CITY RELIEF, INC.","Brooke Ave between East 147th Street and East 148th Street, Bronx, NY 10455",City Relief,"Brooke Ave between East 147th Street and East 148th Street, Bronx, NY 10455",Bronx,https://cityrelief.org,(646) 685-4346,501(c)(3) Nonprofit,Interested in Serving? Visit our website to sign up for an outreach in your area: www.cityrelief.org/volunteer,Youth 14-24; Adults 25+; Older Adults 50+; justice-involved individuals; Individuals with disabilities; SNAP/Employment Program Participants; People experiencing homelessness and food insecurity,Community service/volunteer opportunities; Food pantry/meal service,"We begin by offering our outreach guests the
essentials they need to get through the day. Our
outreaches serve as pop-up care centers, where
staff and volunteers provide hot meals, distribute
hygiene kits and socks, and offer prayer for
those who want it. It?s a space where everyone is
welcome, and help is always within reach.

Volunteers assist with a variety of activities such as

1.Setting up tables, chairs, and tents on the street.

2.Pass out soup, bread, & beverages, and offer socks (& more!) to visitors at outreach.

3.Maintain a high level of cleanliness at and around the outreach.

4.Travel in teams around the nearby area to invite guests to the outreach.

5.Assist with site clean up and breakdown of tables, chairs, and tents.

Volunteers are encouraged to personally interact, through conversation, a shared meal, and even prayer with the people we serve. As a volunteer, you will help connect guests to City Relief staff for a Life Care Visit; a conversation where hope and tailored resources are offered.

*Please note that all City Relief outreaches take place outside rain or shine.

Minors: Must be 16+. Those under 18 need a parent?s consent and an adult chaperone (1 per 4 minors).

Attendance: Commit to the full outreach. Cancel in advance if you can?t make it?repeated no-shows may lead to suspension.

What to Wear: Dress for the weather and wear closed-toed shoes. Avoid expensive clothing, jewelry, or anything with inappropriate messages. Try to bring only what you need.","Wednesday to Saturday, 10: 00am to 1: 30pm","(see addresses in question ""additional locations"")","Volunteers assist with a variety of activities such as

1.Setting up tables, chairs, and tents on the street.

2.Pass out soup, bread, & beverages, and offer socks (& more!) to visitors at outreach.

3.Maintain a high level of cleanliness at and around the outreach.

4.Travel in teams around the nearby area to invite guests to the outreach.

5.Assist with site clean up and breakdown of tables, chairs, and tents.

Volunteers are encouraged to personally interact, through conversation, a shared meal, and even prayer with the people we serve. As a volunteer, you will help connect guests to City Relief staff for a Life Care Visit; a conversation where hope and tailored resources are offered."
Common Point NY,58-20 Little Neck Parkway Little Neck NY 11362,Invisible Hands,58-20 Little Neck Parkway Little Neck NY 11362,Queens,https://commonpoint.org,(917) 696-8788,Community-Based Organization,"Commonpoint is a social services organization that meets the diverse needs of New York City and beyond. We offer a wide range of programs for people of all ages, ability levels, and backgrounds to connect and grow together.",Youth 14-24; Adults 25+; Older Adults 50+; justice-involved individuals; Individuals with disabilities; SNAP/Employment Program Participants,"Community service/volunteer opportunities; Education or training; Food pantry/meal service; Administrative/office support: career/vocational training, career counseling, ESOL, GED","Work training programs and Educational classes, volunteer opportunties for SNAP eligiblity",open 7 days per week- 6am- 10pm,Same as above,"volunteering- food pantry sercixwa, older adult programs, working with children and supporting administrative needs"
Common Point NY,"67-09 108 Street, Forest Hills, NY 11375",Invisible Hands,"67-09 108 Street, Forest Hills, NY 11375",Queens,https://commonpoint.org,(917) 696-8788,Community-Based Organization,"Commonpoint is a social services organization that meets the diverse needs of New York City and beyond. We offer a wide range of programs for people of all ages, ability levels, and backgrounds to connect and grow together.",Youth 14-24; Adults 25+; Older Adults 50+; justice-involved individuals; Individuals with disabilities; SNAP/Employment Program Participants,"Community service/volunteer opportunities; Education or training; Food pantry/meal service; Administrative/office support: career/vocational training, career counseling, ESOL, GED","Work training programs and Educational classes, volunteer opportunties for SNAP eligiblity",open 7 days per week- 6am- 10pm,Same as above,"volunteering- food pantry sercixwa, older adult programs, working with children and supporting administrative needs"
Common Point NY,"77-17 Queens Blvd, Queens, NY",Invisible Hands,"77-17 Queens Blvd, Queens, NY",Queens,https://commonpoint.org,(917) 696-8788,Community-Based Organization,"Commonpoint is a social services organization that meets the diverse needs of New York City and beyond. We offer a wide range of programs for people of all ages, ability levels, and backgrounds to connect and grow together.",Youth 14-24; Adults 25+; Older Adults 50+; justice-involved individuals; Individuals with disabilities; SNAP/Employment Program Participants,"Community service/volunteer opportunities; Education or training; Food pantry/meal service; Administrative/office support: career/vocational training, career counseling, ESOL, GED","Work training programs and Educational classes, volunteer opportunties for SNAP eligiblity",open 7 days per week- 6am- 10pm,Same as above,"volunteering- food pantry sercixwa, older adult programs, working with children and supporting administrative needs"
Divine Revelation Ministry,"240 East 175th Street Lower level Bronx, NY 10457",Revelacion Divina Food Pantry,"240 East 175th Street Lower level Bronx, NY 10457",Bronx,https://revelaciondivinany.org,(646) 238-4237,501(c)(3) Nonprofit,"To rescue, equipped and send out to help our community and provide food for those in need",Individuals with disabilities; Older Adults 50+; Adults 25+; Youth 14-24; SNAP/Employment Program Participants; justice-involved individuals,Community service/volunteer opportunities; Food pantry/meal service; Workshops about healthy eating habits,"Food pantry involves food distribution, set up of food and cleaning facilities after the distribution each volunteer is responsible to serve and provide food with good customer service and quality of care",Mondays for receiving food trucks 8am for volunteer service at distribution 3-8pm,"240 East 175th Street Lower level Bronx, NY 10457",If it?s a man needs ability to carry heavy boxes and bags of garbage to set up and clean up the distribution center for women they are needed to serve by distributing the food to the clients and cleaning the stations and center at the end of the distribution
Educational Alliance,"197 East Broadway, New York, NY 10002",Manny Cantor Center,"197 East Broadway, New York, NY 10002",Manhattan,https://mannycantor.org/mcc-changemakers/volunteer-opportunities/,(646) 395-4101 x4562,501(c)(3) Nonprofit,"As the flagship site of Educational Alliance, we seek to bring our constituents together over shared goals for our vibrant neighborhood.

Through programs including our award-winning Early Childhood initiative, historic EA community art school, state-of-the-art fitness center, newly renovated Teen Center, and dynamic older adult centers, we are committed to empowering people so that they can flourish.

At Manny Cantor Center, we are guided by a strength-based model; we recognize the value of community engagement and believe that everyone is called upon ? and everyone is able ? to contribute substantively to their community.",Older Adults,Meal Service,"We serve breakfast and lunch to our older adult community Monday through Friday. To learn more, check out the links below:
Breakfast Service: https://cerv.is/0038g8Yz8Tr
Lunch Service: https://cerv.is/0038gLhUtEN","8: 45 am to 10 am, 11 am to 1:30 pm,","197 East Broadway New York, NY 10002",Serving Meals
"Elmcor Youth & Adult Activities, Inc","107-20 Northen Blvd, Corona, NY 11368","Elmcor Youth & Adult Activities, Inc","107-20 Northen Blvd, Corona, NY 11368",Queens,https://elmcor.org,(718) 650-0196,501(c)(3) Nonprofit,"Elmcor Youth & Adult Activities, Inc. is a Queens, New York Nonprofit, multi-service organization of professionals providing a variety of comprehensive programs that serve a broad and diverse spectrum of people, from preschool-aged children to older adults.",Youth 14-24; Adults 25+; Older Adults 50+; Case management/social services,Community service/volunteer opportunities; Food pantry/meal service; Shelter/housing support; Arts/recreation; After school youth programing,"Nutrition education, Health screening or referrals, case management/social services, Older Adult services, Housing service, and Recreational Center","Monday - Friday 9am - 5pm, Youth Recreational Center 3pm - 10pm Monday - Saturdays",107-20 Northen Blvd,"Assist with the Elmcor's Pantry program on Wednesdays year-around. We're looking for 2-3 participants who can assist with outreach, administration task, food inventory and deliveries as well as during food distribution. Multilingual is ideal and Welcome!"
Encore Community Services,"239 W 49th St, New York, NY 10019",Encore Community Services,"239 W 49th St, New York, NY 10019",Manhattan,https://encorenyc.org,(646) 494-8353,501(c)(3) Nonprofit,Encore?s mission is to improve the quality of life for older adults.,Older Adults 50+,Community service/volunteer opportunities; Food pantry/meal service,"Our Nutrition program prepares, serves, and delivers food to both members at our centers for congregate meals, and for delivery to homebound older adults.

Our Programming team runs events such as classes, social activities, games, etc. at both centers each day.","Our 49th St center is open Monday - Friday 8: 30am - 4: 30pm, and our 10th Ave center is open Tuesday - Saturday 8: 30am - 4: 30pm. Most volunteer opportunities take place in late morning or early afternoon",Either the 49th St or 10th Ave locations,"Packing, serving, and delivering meals for our nutrition program.
Assisting with basic admin tasks for member sign in to the center, such as signing people in for programs and handing our supplies"
Encore Community Services,"755 10th Ave, New York, NY 10019",Encore Community Services,"755 10th Ave, New York, NY 10019",Manhattan,https://encorenyc.org,(646) 494-8353,501(c)(3) Nonprofit,Encore?s mission is to improve the quality of life for older adults.,Older Adults 50+,Community service/volunteer opportunities; Food pantry/meal service,"Our Nutrition program prepares, serves, and delivers food to both members at our centers for congregate meals, and for delivery to homebound older adults.

Our Programming team runs events such as classes, social activities, games, etc. at both centers each day.","Our 49th St center is open Monday - Friday 8: 30am - 4: 30pm, and our 10th Ave center is open Tuesday - Saturday 8: 30am - 4: 30pm. Most volunteer opportunities take place in late morning or early afternoon",Either the 49th St or 10th Ave locations,"Packing, serving, and delivering meals for our nutrition program.
Assisting with basic admin tasks for member sign in to the center, such as signing people in for programs and handing our supplies"
EVERY DAY IS A MIRACLE,"2424 Jerome Ave, Bronx, NY 10468",,"2424 Jerome Ave, Bronx, NY 10468",Bronx,https://edmnyc.org,(646) 671-4360,501(c)(3) Nonprofit,Every Day is a Miracle (EDM) is a 501?(3) hunger relief organization that dedicates its efforts to helping low-income families overcome socio-economic difficulties and improve quality of life in the city of the Bronx. EDM has been fighting hunger and meeting the emergency food needs of low-income families in the Bronx since 2008.,Youth 14-24; Adults 25+; Older Adults 50+; SNAP/Employment Program Participants; Veterans. Temporary housing,"Community service/volunteer opportunities; Food pantry/meal service; Shelter/housing support; Administrative/office support; Social media, fundraising, communication",Participants would have the opportunity to develop or expand their skill on the different departments we actively have in our organization such service like the one above,8am-4pm,"2424 Jerome ave, 2626 east tremont","Participants will be involved in administrative, social media and communication, pantry and social services duties"
EVERY DAY IS A MIRACLE,"1970 West Farm Rd, Bronx, NY 10460",,"1970 West Farm Rd, Bronx, NY 10460",Bronx,https://edmnyc.org,(646) 671-4360,501(c)(3) Nonprofit,Every Day is a Miracle (EDM) is a 501?(3) hunger relief organization that dedicates its efforts to helping low-income families overcome socio-economic difficulties and improve quality of life in the city of the Bronx. EDM has been fighting hunger and meeting the emergency food needs of low-income families in the Bronx since 2008.,Youth 14-24; Adults 25+; Older Adults 50+; SNAP/Employment Program Participants; Veterans. Temporary housing,"Community service/volunteer opportunities; Food pantry/meal service; Shelter/housing support; Administrative/office support; Social media, fundraising, communication",Participants would have the opportunity to develop or expand their skill on the different departments we actively have in our organization such service like the one above,8am-4pm,"2424 Jerome ave, 2626 east tremont","Participants will be involved in administrative, social media and communication, pantry and social services duties"
EVLoves LLC,"201 Allen St. Unit 10193 New York, NY 10002",EVLovesNYC,"201 Allen St. Unit 10193 New York, NY 10002",Manhattan,https://evloves.nyc,(646) 770-2621,501(c)(3) Nonprofit,"EVLovesNYC is committed to building a community to fight hunger by providing free meals to New Yorkers and advocating for structural change to end food insecurity.

EVLovesNYC, a 501(c)(3) Nonprofit mutual aid, provides food and services to economically insecure New Yorkers. We started cooking in 2020 in response to growing food insecurity in New York City. Powered by a dedicated volunteer corps, our kitchen has cooked more than 775, 000 delicious and nutrient-rich meals for distribution to the city?s most underserved neighborhoods. Our mission expanded in 2022 with the influx of migrants to NYC. We now provide support for our newest neighbors, with food, job training, and advocacy, as well as referrals to other agencies.",SNAP/Employment Program Participants; Individuals with disabilities; justice-involved individuals; Older Adults 50+; Adults 25+; Youth 14-24,Community service/volunteer opportunities; Education or training; Food pantry/meal service,"Our programs include cooking and distributing nutrient-dense, culturally sensitive meals for food insecure neighbors. We also have volunteer shifts to support a weekly food pantry that operates out of our location.","M-F 10 AM - 2 PM, Sunday 9 AM - 5 PM","281 7th St. New York, NY 10009","We have volunteer shifts that include food preparation, cooking, meal packaging, distribution at our regular distro sites, meal delivery to home-bound seniors in a neighborhood housing complex, assistance packing food pantry bags, etc."
EVLoves LLC,"281 E 7th St, New York, NY 10009",EVLovesNYC,"281 E 7th St, New York, NY 10009",Manhattan,https://evloves.nyc,(646) 770-2621,501(c)(3) Nonprofit,"EVLovesNYC is committed to building a community to fight hunger by providing free meals to New Yorkers and advocating for structural change to end food insecurity.

EVLovesNYC, a 501(c)(3) Nonprofit mutual aid, provides food and services to economically insecure New Yorkers. We started cooking in 2020 in response to growing food insecurity in New York City. Powered by a dedicated volunteer corps, our kitchen has cooked more than 775, 000 delicious and nutrient-rich meals for distribution to the city?s most underserved neighborhoods. Our mission expanded in 2022 with the influx of migrants to NYC. We now provide support for our newest neighbors, with food, job training, and advocacy, as well as referrals to other agencies.",SNAP/Employment Program Participants; Individuals with disabilities; justice-involved individuals; Older Adults 50+; Adults 25+; Youth 14-24,Community service/volunteer opportunities; Education or training; Food pantry/meal service,"Our programs include cooking and distributing nutrient-dense, culturally sensitive meals for food insecure neighbors. We also have volunteer shifts to support a weekly food pantry that operates out of our location.","M-F 10 AM - 2 PM, Sunday 9 AM - 5 PM","281 7th St. New York, NY 10009","We have volunteer shifts that include food preparation, cooking, meal packaging, distribution at our regular distro sites, meal delivery to home-bound seniors in a neighborhood housing complex, assistance packing food pantry bags, etc."
Gay Men's Health Crisis,"307 W 38th Street, NY, NY 10018",Meals Program/The Volunteer Center,"307 W 38th Street, NY, NY 10018",Manhattan,https://gmhc.org,(212) 367-1327,501(c)(3) Nonprofit,"Mission:
As the world's first HIV/AIDS service organization, GMHC is working to end the AIDS epidemic and uplift the lives of all affected.

Our Services:
We provide HIV and STI testing, food and nutrition programs, housing support, workforce development, legal assistance, advocacy for benefits and health insurance, mental health and emotional support, substance use counseling, and more.",Adults 18+,Community service/volunteer opportunities; Education or training; Food pantry/meal service; Shelter/housing support,"We have volunteer openings in our Meal Service program. The Meal Service program serves lunch to GMHC clients Monday through Thursday.

Meal Service Volunteer Description:
Volunteers provide non-essential, supportive assistance to meal service operations under the direct supervision of the Volunteer Manager or designated staff. Activities may include assisting with serving meals in the client cafeteria, offering general non-specialized assistance to guests, clearing tables, and supporting basic end-of-service clean-up.
Volunteer activities are strictly supplemental and are not operationally critical. Volunteers do not replace, substitute for, or perform the duties of employees; do not engage in independent decision-making; and do not perform tasks requiring specialized training, certification, or professional judgment. All duties are assigned, monitored, and may be modified or discontinued at any time by staff to ensure safety, compliance, and continuity of services.

We need volunteers on Mondays, Tuesdays, Wednesdays, and Thursdays.

Time Commitment: 11: 00am to 2: 00pm. Weekly or Every Other Week.

Most volunteers choose one day (for example, Tuesdays) and come on that same day every week or every other week. Volunteers are welcome to volunteer more than one day each week.

In terms of ABAWD work rules - If someone is looking for the most volunteer hours available, the maximum available in this volunteer role would be 12 hours per week. That is if someone volunteered everyday Monday through Thursday.","We offer lunch service and welcome volunteers on Mondays, Tuesdays, Wednesdays, Thursdays and Friday. Time Commitment: 11: 00am to 2: 00pm. Weekly or Every Other Week.","307 W 38th Street, NY, NY 10018 - 5th Floor","Meal Service Volunteer Description:
Volunteers provide non-essential, supportive assistance to meal service operations under the direct supervision of the Volunteer Manager or designated staff. Activities may include assisting with serving meals in the client cafeteria, offering general non-specialized assistance to guests, clearing tables, and supporting basic end-of-service clean-up.
Volunteer activities are strictly supplemental and are not operationally critical. Volunteers do not replace, substitute for, or perform the duties of employees; do not engage in independent decision-making; and do not perform tasks requiring specialized training, certification, or professional judgment. All duties are assigned, monitored, and may be modified or discontinued at any time by staff to ensure safety, compliance, and continuity of services."
Grant House Unity Corp.,"2046 Flatbush Avenue, Brooklyn NY 11234",,"2046 Flatbush Avenue, Brooklyn NY 11234",Brooklyn,https://granthouseunity.com,(631) 652-3700,501(c)(3) Nonprofit,To alleviate food insecurities throughout the boroughs by providing fresh healthy foods to all communities in need as well as providing human service support to low income and homeless individuals so as to increase the necessary accesses leading to self-sufficiency.,Youth 14-24; Adults 25+; Older Adults 50+; justice-involved individuals; Individuals with disabilities; SNAP/Employment Program Participants,Community service/volunteer opportunities; Food pantry/meal service; Shelter/housing support,"We provide both perishable and nonperishable food items 2 days per week to anyone in need. If an individual needs housing, we work with a real estate company to find apartments.",Wednesday and Thursday each week from 10am - 5pm,"2046 Flatbush Avenue, Brooklyn NY 11234","We register individuals, pack bags, sort and store weekly deliveries, clean and sanitize all areas, repairs."
GVB,3001 West 37 Street Brooklyn NY 11224,DYCD,3001 West 37 Street Brooklyn NY 11224,Brooklyn,https://jccgci.org,(718)449-5000 x2260,501(c)(3) Nonprofit,"The Jewish Community Council of Greater Coney Island (JCCGCI) is a community-based organization with a citywide impact, providing a wide spectrum of services to benefit all segments of the population. These include supportive services for older adults, career services, educational support, crime reduction initiatives, community revitalization efforts, mental health services, and more. JCCGCI also offers capacity-building services to Nonprofits across all five boroughs through its Nonprofit HelpDesk division (www.nphd.org). With 40 program sites throughout New York City staffed by approximately 400 social service professionals, JCCGCI assists upwards of 2, 500 vulnerable individuals and families each day, working tirelessly to improve lives and strengthen communities.",Adults 25+; Older Adults 50+; Youth 14-24; SNAP/Employment Program Participants; Individuals with disabilities; justice-involved individuals,Food pantry/meal service; Education or training; Community service/volunteer opportunities,Older Adult Services ? Jewish Community Council of Greater Coney Island https://share.google/Xa3kcVaIB3e9fZOLw,Mn - Th 9-5pm Fr 9-2pm,3001 West 37 Street Brooklyn NY 11235,Management Services ? Jewish Community Council of Greater Coney Island https://share.google/oHs8fHrbvhfzxPIiR
GVB,128 Brighton Beach ave Brooklyn NY 11235,DYCD,128 Brighton Beach ave Brooklyn NY 11235,Brooklyn,https://jccgci.org,(718)449-5000 x2260,501(c)(3) Nonprofit,"The Jewish Community Council of Greater Coney Island (JCCGCI) is a community-based organization with a citywide impact, providing a wide spectrum of services to benefit all segments of the population. These include supportive services for older adults, career services, educational support, crime reduction initiatives, community revitalization efforts, mental health services, and more. JCCGCI also offers capacity-building services to Nonprofits across all five boroughs through its Nonprofit HelpDesk division (www.nphd.org). With 40 program sites throughout New York City staffed by approximately 400 social service professionals, JCCGCI assists upwards of 2, 500 vulnerable individuals and families each day, working tirelessly to improve lives and strengthen communities.",Adults 25+; Older Adults 50+; Youth 14-24; SNAP/Employment Program Participants; Individuals with disabilities; justice-involved individuals,Food pantry/meal service; Education or training; Community service/volunteer opportunities,Older Adult Services ? Jewish Community Council of Greater Coney Island https://share.google/Xa3kcVaIB3e9fZOLw,Mn - Th 9-5pm Fr 9-2pm,3001 West 37 Street Brooklyn NY 11235,Management Services ? Jewish Community Council of Greater Coney Island https://share.google/oHs8fHrbvhfzxPIiR
"Harlem Independent Living Center, Inc.","289 St. Nicholas Avenue, Lower Level, Suite 21, New York, NY 10027",Harlem Independent Living Center (HILC),"289 St. Nicholas Avenue, Lower Level, Suite 21, New York, NY 10027",Manhattan,https://hilc.org,(212) 222-7122,501(c)(3) Nonprofit,"Harlem Independent Living Center (HILC) is a disability-focused, community-led Nonprofit organization dedicated to empowering people with disabilities to live independently and with dignity. Incorporated in 1990 and founded by community members with disabilities, HILC was established to address gaps in services and advocacy in Harlem and surrounding communities. As a state and federally recognized Independent Living Center, HILC provides advocacy, direct services, skills-building, and community-based support to individuals with disabilities across New York City, with a focus on minority communities and the Greater Harlem area. Rooted in the principles of the independent living movement, HILC works to remove barriers, advance equity and accessibility, and promote full participation in community life.",Youth 14-24; Adults 25+; Older Adults 50+; Individuals with disabilities; SNAP/Employment Program Participants,Community service/volunteer opportunities; Administrative/office support,"Participants can be placed within HILC?s office and community programs to support day-to-day operations and public-facing activities. Service opportunities focus on administrative support, event assistance, and community outreach, allowing participants to contribute directly to ongoing programs that serve individuals with disabilities in Harlem. This may include assisting with front desk coverage, organizing files and materials, preparing outreach packets, and supporting staff with program needs. Participants may also help prepare for and assist at workshops and events, including setup, breakdown, and attendee support, as well as assist with outreach efforts such as distributing flyers or supporting community-based activities.","Monday through Friday, 9: 00 AM to 5: 00 PM. Participants can be scheduled for shifts during those hours depending on availability and program needs.","Primarily at HILC?s office at 289 St. Nicholas Avenue, Lower Level, Suite 21, New York, NY 10027, with additional opportunities at community-based locations throughout Harlem and New York City as part of outreach events and programming.","Front desk support, greeting visitors, answering phones, organizing and filing documents, assembling materials for programs and events, assisting with event setup and cleanup, supporting workshops or meetings, and helping with outreach activities such as distributing flyers or checking in attendees at events."
Health People,"552 Southern Blvd, Bronx, NY 10455",,"552 Southern Blvd, Bronx, NY 10455",Bronx,https://healthpeople.org,(646) 267-1397,501(c)(3) Nonprofit,"o empower and train residents of communities overwhelmed by chronic disease, AIDS, and social determinants of health to become leaders and educators in effectively preventing ill health, avoidable hospitalization, and unnecessary deaths.",Youth 14-24; Adults 25+; Older Adults 50+; justice-involved individuals; Individuals with disabilities; SNAP/Employment Program Participants,Community service/volunteer opportunities; Education or training; Administrative/office support,Asthma Self Management Education; SCN Member; Medicaid assistor agency,M-F 9am to 6pm,"552 Southern Blvd. Bronx NY 10455, and throughout the South Bronx","Office and program administrative work, community health outreach, health education (coordinating and conducting health literacy seminars and workshops), drafting health information for distribution and placement on SM platforms, answering health questions from Bronx constituents, supporting health events, mentoring youth."
Henry Street Settlement,"265 Henry Street, New York, NY 10002",Henry Street Settlement,"265 Henry Street, New York, NY 10002",Manhattan,https://henrystreet.org,(212)766-9200 x2224,501(c)(3) Nonprofit,"Henry Street Settlement?s mission is to open doors of opportunity for Lower East Side residents and other New Yorkers through social service, arts, and health care programs. The organization is distinguished by its commitment to listening to and learning from our neighbors?and then acting to meet the most pressing needs of our community.

To meet those needs, we offer more than 50 programs to people of all ages through our Abrons Arts Center/Visual and Performing Arts, Employment, Education, Athletics & Enrichment, Older Adult Services, Health & Wellness, and Transitional & Supportive Housing divisions. These vast programs range from preschool to Meals on Wheels delivery, job-readiness training to mental health counseling, and supportive housing to theater performances.",Youth 14-24; Adults 25+; Older Adults 50+; justice-involved individuals; SNAP/Employment Program Participants,Community service/volunteer opportunities; Education or training; Food pantry/meal service; Shelter/housing support; Administrative/office support; Arts/recreation; Environmental/park cleanup,"Community Service, Community Engagement, Education, Vocational, Training, Outreach, Public Events, Youth Development, Older Adult Services, Food Distribution, Pantry Services, Facilities/Maintenance","Monday through Sunday, Days/Evenings",All program and administrative sites,"Food Distribution, Maintenance, Outreach, Marketing Assistance, Administrative, Event Support, Community Engagement"
Henry Street Settlement,"269 Henry Street, New York, NY",Henry Street Settlement,"269 Henry Street, New York, NY",Manhattan,https://henrystreet.org,(212)766-9200 x2224,501(c)(3) Nonprofit,"Henry Street Settlement?s mission is to open doors of opportunity for Lower East Side residents and other New Yorkers through social service, arts, and health care programs. The organization is distinguished by its commitment to listening to and learning from our neighbors?and then acting to meet the most pressing needs of our community.

To meet those needs, we offer more than 50 programs to people of all ages through our Abrons Arts Center/Visual and Performing Arts, Employment, Education, Athletics & Enrichment, Older Adult Services, Health & Wellness, and Transitional & Supportive Housing divisions. These vast programs range from preschool to Meals on Wheels delivery, job-readiness training to mental health counseling, and supportive housing to theater performances.",Youth 14-24; Adults 25+; Older Adults 50+; justice-involved individuals; SNAP/Employment Program Participants,Community service/volunteer opportunities; Education or training; Food pantry/meal service; Shelter/housing support; Administrative/office support; Arts/recreation; Environmental/park cleanup,"Community Service, Community Engagement, Education, Vocational, Training, Outreach, Public Events, Youth Development, Older Adult Services, Food Distribution, Pantry Services, Facilities/Maintenance","Monday through Sunday, Days/Evenings",All program and administrative sites,"Food Distribution, Maintenance, Outreach, Marketing Assistance, Administrative, Event Support, Community Engagement"
Henry Street Settlement,"301 Henry Street, New York, NY",Henry Street Settlement,"301 Henry Street, New York, NY",Manhattan,https://henrystreet.org,(212)766-9200 x2224,501(c)(3) Nonprofit,"Henry Street Settlement?s mission is to open doors of opportunity for Lower East Side residents and other New Yorkers through social service, arts, and health care programs. The organization is distinguished by its commitment to listening to and learning from our neighbors?and then acting to meet the most pressing needs of our community.

To meet those needs, we offer more than 50 programs to people of all ages through our Abrons Arts Center/Visual and Performing Arts, Employment, Education, Athletics & Enrichment, Older Adult Services, Health & Wellness, and Transitional & Supportive Housing divisions. These vast programs range from preschool to Meals on Wheels delivery, job-readiness training to mental health counseling, and supportive housing to theater performances.",Youth 14-24; Adults 25+; Older Adults 50+; justice-involved individuals; SNAP/Employment Program Participants,Community service/volunteer opportunities; Education or training; Food pantry/meal service; Shelter/housing support; Administrative/office support; Arts/recreation; Environmental/park cleanup,"Community Service, Community Engagement, Education, Vocational, Training, Outreach, Public Events, Youth Development, Older Adult Services, Food Distribution, Pantry Services, Facilities/Maintenance","Monday through Sunday, Days/Evenings",All program and administrative sites,"Food Distribution, Maintenance, Outreach, Marketing Assistance, Administrative, Event Support, Community Engagement"
Henry Street Settlement,"309 Henry Street, New York, NY",Henry Street Settlement,"309 Henry Street, New York, NY",Manhattan,https://henrystreet.org,(212)766-9200 x2224,501(c)(3) Nonprofit,"Henry Street Settlement?s mission is to open doors of opportunity for Lower East Side residents and other New Yorkers through social service, arts, and health care programs. The organization is distinguished by its commitment to listening to and learning from our neighbors?and then acting to meet the most pressing needs of our community.

To meet those needs, we offer more than 50 programs to people of all ages through our Abrons Arts Center/Visual and Performing Arts, Employment, Education, Athletics & Enrichment, Older Adult Services, Health & Wellness, and Transitional & Supportive Housing divisions. These vast programs range from preschool to Meals on Wheels delivery, job-readiness training to mental health counseling, and supportive housing to theater performances.",Youth 14-24; Adults 25+; Older Adults 50+; justice-involved individuals; SNAP/Employment Program Participants,Community service/volunteer opportunities; Education or training; Food pantry/meal service; Shelter/housing support; Administrative/office support; Arts/recreation; Environmental/park cleanup,"Community Service, Community Engagement, Education, Vocational, Training, Outreach, Public Events, Youth Development, Older Adult Services, Food Distribution, Pantry Services, Facilities/Maintenance","Monday through Sunday, Days/Evenings",All program and administrative sites,"Food Distribution, Maintenance, Outreach, Marketing Assistance, Administrative, Event Support, Community Engagement"
Henry Street Settlement,"40 Montgomery Street, New York, NY",Henry Street Settlement,"40 Montgomery Street, New York, NY",Manhattan,https://henrystreet.org,(212)766-9200 x2224,501(c)(3) Nonprofit,"Henry Street Settlement?s mission is to open doors of opportunity for Lower East Side residents and other New Yorkers through social service, arts, and health care programs. The organization is distinguished by its commitment to listening to and learning from our neighbors?and then acting to meet the most pressing needs of our community.

To meet those needs, we offer more than 50 programs to people of all ages through our Abrons Arts Center/Visual and Performing Arts, Employment, Education, Athletics & Enrichment, Older Adult Services, Health & Wellness, and Transitional & Supportive Housing divisions. These vast programs range from preschool to Meals on Wheels delivery, job-readiness training to mental health counseling, and supportive housing to theater performances.",Youth 14-24; Adults 25+; Older Adults 50+; justice-involved individuals; SNAP/Employment Program Participants,Community service/volunteer opportunities; Education or training; Food pantry/meal service; Shelter/housing support; Administrative/office support; Arts/recreation; Environmental/park cleanup,"Community Service, Community Engagement, Education, Vocational, Training, Outreach, Public Events, Youth Development, Older Adult Services, Food Distribution, Pantry Services, Facilities/Maintenance","Monday through Sunday, Days/Evenings",All program and administrative sites,"Food Distribution, Maintenance, Outreach, Marketing Assistance, Administrative, Event Support, Community Engagement"
Henry Street Settlement,"367 Madison Street, New York, NY",Henry Street Settlement,"367 Madison Street, New York, NY",Manhattan,https://henrystreet.org,(212)766-9200 x2224,501(c)(3) Nonprofit,"Henry Street Settlement?s mission is to open doors of opportunity for Lower East Side residents and other New Yorkers through social service, arts, and health care programs. The organization is distinguished by its commitment to listening to and learning from our neighbors?and then acting to meet the most pressing needs of our community.

To meet those needs, we offer more than 50 programs to people of all ages through our Abrons Arts Center/Visual and Performing Arts, Employment, Education, Athletics & Enrichment, Older Adult Services, Health & Wellness, and Transitional & Supportive Housing divisions. These vast programs range from preschool to Meals on Wheels delivery, job-readiness training to mental health counseling, and supportive housing to theater performances.",Youth 14-24; Adults 25+; Older Adults 50+; justice-involved individuals; SNAP/Employment Program Participants,Community service/volunteer opportunities; Education or training; Food pantry/meal service; Shelter/housing support; Administrative/office support; Arts/recreation; Environmental/park cleanup,"Community Service, Community Engagement, Education, Vocational, Training, Outreach, Public Events, Youth Development, Older Adult Services, Food Distribution, Pantry Services, Facilities/Maintenance","Monday through Sunday, Days/Evenings",All program and administrative sites,"Food Distribution, Maintenance, Outreach, Marketing Assistance, Administrative, Event Support, Community Engagement"
Henry Street Settlement,"334 Madison Street, New York, NY",Henry Street Settlement,"334 Madison Street, New York, NY",Manhattan,https://henrystreet.org,(212)766-9200 x2224,501(c)(3) Nonprofit,"Henry Street Settlement?s mission is to open doors of opportunity for Lower East Side residents and other New Yorkers through social service, arts, and health care programs. The organization is distinguished by its commitment to listening to and learning from our neighbors?and then acting to meet the most pressing needs of our community.

To meet those needs, we offer more than 50 programs to people of all ages through our Abrons Arts Center/Visual and Performing Arts, Employment, Education, Athletics & Enrichment, Older Adult Services, Health & Wellness, and Transitional & Supportive Housing divisions. These vast programs range from preschool to Meals on Wheels delivery, job-readiness training to mental health counseling, and supportive housing to theater performances.",Youth 14-24; Adults 25+; Older Adults 50+; justice-involved individuals; SNAP/Employment Program Participants,Community service/volunteer opportunities; Education or training; Food pantry/meal service; Shelter/housing support; Administrative/office support; Arts/recreation; Environmental/park cleanup,"Community Service, Community Engagement, Education, Vocational, Training, Outreach, Public Events, Youth Development, Older Adult Services, Food Distribution, Pantry Services, Facilities/Maintenance","Monday through Sunday, Days/Evenings",All program and administrative sites,"Food Distribution, Maintenance, Outreach, Marketing Assistance, Administrative, Event Support, Community Engagement"
Henry Street Settlement,"466 Grand Street, New York, NY",Henry Street Settlement,"466 Grand Street, New York, NY",Manhattan,https://henrystreet.org,(212)766-9200 x2224,501(c)(3) Nonprofit,"Henry Street Settlement?s mission is to open doors of opportunity for Lower East Side residents and other New Yorkers through social service, arts, and health care programs. The organization is distinguished by its commitment to listening to and learning from our neighbors?and then acting to meet the most pressing needs of our community.

To meet those needs, we offer more than 50 programs to people of all ages through our Abrons Arts Center/Visual and Performing Arts, Employment, Education, Athletics & Enrichment, Older Adult Services, Health & Wellness, and Transitional & Supportive Housing divisions. These vast programs range from preschool to Meals on Wheels delivery, job-readiness training to mental health counseling, and supportive housing to theater performances.",Youth 14-24; Adults 25+; Older Adults 50+; justice-involved individuals; SNAP/Employment Program Participants,Community service/volunteer opportunities; Education or training; Food pantry/meal service; Shelter/housing support; Administrative/office support; Arts/recreation; Environmental/park cleanup,"Community Service, Community Engagement, Education, Vocational, Training, Outreach, Public Events, Youth Development, Older Adult Services, Food Distribution, Pantry Services, Facilities/Maintenance","Monday through Sunday, Days/Evenings",All program and administrative sites,"Food Distribution, Maintenance, Outreach, Marketing Assistance, Administrative, Event Support, Community Engagement"
Henry Street Settlement,"24 Avenue D, New York, NY",Henry Street Settlement,"24 Avenue D, New York, NY",Manhattan,https://henrystreet.org,(212)766-9200 x2224,501(c)(3) Nonprofit,"Henry Street Settlement?s mission is to open doors of opportunity for Lower East Side residents and other New Yorkers through social service, arts, and health care programs. The organization is distinguished by its commitment to listening to and learning from our neighbors?and then acting to meet the most pressing needs of our community.

To meet those needs, we offer more than 50 programs to people of all ages through our Abrons Arts Center/Visual and Performing Arts, Employment, Education, Athletics & Enrichment, Older Adult Services, Health & Wellness, and Transitional & Supportive Housing divisions. These vast programs range from preschool to Meals on Wheels delivery, job-readiness training to mental health counseling, and supportive housing to theater performances.",Youth 14-24; Adults 25+; Older Adults 50+; justice-involved individuals; SNAP/Employment Program Participants,Community service/volunteer opportunities; Education or training; Food pantry/meal service; Shelter/housing support; Administrative/office support; Arts/recreation; Environmental/park cleanup,"Community Service, Community Engagement, Education, Vocational, Training, Outreach, Public Events, Youth Development, Older Adult Services, Food Distribution, Pantry Services, Facilities/Maintenance","Monday through Sunday, Days/Evenings",All program and administrative sites,"Food Distribution, Maintenance, Outreach, Marketing Assistance, Administrative, Event Support, Community Engagement"
Henry Street Settlement,"888 East 6th Street, New York, NY",Henry Street Settlement,"888 East 6th Street, New York, NY",Manhattan,https://henrystreet.org,(212)766-9200 x2224,501(c)(3) Nonprofit,"Henry Street Settlement?s mission is to open doors of opportunity for Lower East Side residents and other New Yorkers through social service, arts, and health care programs. The organization is distinguished by its commitment to listening to and learning from our neighbors?and then acting to meet the most pressing needs of our community.

To meet those needs, we offer more than 50 programs to people of all ages through our Abrons Arts Center/Visual and Performing Arts, Employment, Education, Athletics & Enrichment, Older Adult Services, Health & Wellness, and Transitional & Supportive Housing divisions. These vast programs range from preschool to Meals on Wheels delivery, job-readiness training to mental health counseling, and supportive housing to theater performances.",Youth 14-24; Adults 25+; Older Adults 50+; justice-involved individuals; SNAP/Employment Program Participants,Community service/volunteer opportunities; Education or training; Food pantry/meal service; Shelter/housing support; Administrative/office support; Arts/recreation; Environmental/park cleanup,"Community Service, Community Engagement, Education, Vocational, Training, Outreach, Public Events, Youth Development, Older Adult Services, Food Distribution, Pantry Services, Facilities/Maintenance","Monday through Sunday, Days/Evenings",All program and administrative sites,"Food Distribution, Maintenance, Outreach, Marketing Assistance, Administrative, Event Support, Community Engagement"
Henry Street Settlement,"178 Broome Street, New York, NY",Henry Street Settlement,"178 Broome Street, New York, NY",Manhattan,https://henrystreet.org,(212)766-9200 x2224,501(c)(3) Nonprofit,"Henry Street Settlement?s mission is to open doors of opportunity for Lower East Side residents and other New Yorkers through social service, arts, and health care programs. The organization is distinguished by its commitment to listening to and learning from our neighbors?and then acting to meet the most pressing needs of our community.

To meet those needs, we offer more than 50 programs to people of all ages through our Abrons Arts Center/Visual and Performing Arts, Employment, Education, Athletics & Enrichment, Older Adult Services, Health & Wellness, and Transitional & Supportive Housing divisions. These vast programs range from preschool to Meals on Wheels delivery, job-readiness training to mental health counseling, and supportive housing to theater performances.",Youth 14-24; Adults 25+; Older Adults 50+; justice-involved individuals; SNAP/Employment Program Participants,Community service/volunteer opportunities; Education or training; Food pantry/meal service; Shelter/housing support; Administrative/office support; Arts/recreation; Environmental/park cleanup,"Community Service, Community Engagement, Education, Vocational, Training, Outreach, Public Events, Youth Development, Older Adult Services, Food Distribution, Pantry Services, Facilities/Maintenance","Monday through Sunday, Days/Evenings",All program and administrative sites,"Food Distribution, Maintenance, Outreach, Marketing Assistance, Administrative, Event Support, Community Engagement"
Henry Street Settlement,"282 East 3rd Street, New York, NY",Henry Street Settlement,"282 East 3rd Street, New York, NY",Manhattan,https://henrystreet.org,(212)766-9200 x2224,501(c)(3) Nonprofit,"Henry Street Settlement?s mission is to open doors of opportunity for Lower East Side residents and other New Yorkers through social service, arts, and health care programs. The organization is distinguished by its commitment to listening to and learning from our neighbors?and then acting to meet the most pressing needs of our community.

To meet those needs, we offer more than 50 programs to people of all ages through our Abrons Arts Center/Visual and Performing Arts, Employment, Education, Athletics & Enrichment, Older Adult Services, Health & Wellness, and Transitional & Supportive Housing divisions. These vast programs range from preschool to Meals on Wheels delivery, job-readiness training to mental health counseling, and supportive housing to theater performances.",Youth 14-24; Adults 25+; Older Adults 50+; justice-involved individuals; SNAP/Employment Program Participants,Community service/volunteer opportunities; Education or training; Food pantry/meal service; Shelter/housing support; Administrative/office support; Arts/recreation; Environmental/park cleanup,"Community Service, Community Engagement, Education, Vocational, Training, Outreach, Public Events, Youth Development, Older Adult Services, Food Distribution, Pantry Services, Facilities/Maintenance","Monday through Sunday, Days/Evenings",All program and administrative sites,"Food Distribution, Maintenance, Outreach, Marketing Assistance, Administrative, Event Support, Community Engagement"
Henry Street Settlement,"290 East 3rd Street, New York, NY",Henry Street Settlement,"290 East 3rd Street, New York, NY",Manhattan,https://henrystreet.org,(212)766-9200 x2224,501(c)(3) Nonprofit,"Henry Street Settlement?s mission is to open doors of opportunity for Lower East Side residents and other New Yorkers through social service, arts, and health care programs. The organization is distinguished by its commitment to listening to and learning from our neighbors?and then acting to meet the most pressing needs of our community.

To meet those needs, we offer more than 50 programs to people of all ages through our Abrons Arts Center/Visual and Performing Arts, Employment, Education, Athletics & Enrichment, Older Adult Services, Health & Wellness, and Transitional & Supportive Housing divisions. These vast programs range from preschool to Meals on Wheels delivery, job-readiness training to mental health counseling, and supportive housing to theater performances.",Youth 14-24; Adults 25+; Older Adults 50+; justice-involved individuals; SNAP/Employment Program Participants,Community service/volunteer opportunities; Education or training; Food pantry/meal service; Shelter/housing support; Administrative/office support; Arts/recreation; Environmental/park cleanup,"Community Service, Community Engagement, Education, Vocational, Training, Outreach, Public Events, Youth Development, Older Adult Services, Food Distribution, Pantry Services, Facilities/Maintenance","Monday through Sunday, Days/Evenings",All program and administrative sites,"Food Distribution, Maintenance, Outreach, Marketing Assistance, Administrative, Event Support, Community Engagement"
Henry Street Settlement,"80 Avenue D, New York, NY",Henry Street Settlement,"80 Avenue D, New York, NY",Manhattan,https://henrystreet.org,(212)766-9200 x2224,501(c)(3) Nonprofit,"Henry Street Settlement?s mission is to open doors of opportunity for Lower East Side residents and other New Yorkers through social service, arts, and health care programs. The organization is distinguished by its commitment to listening to and learning from our neighbors?and then acting to meet the most pressing needs of our community.

To meet those needs, we offer more than 50 programs to people of all ages through our Abrons Arts Center/Visual and Performing Arts, Employment, Education, Athletics & Enrichment, Older Adult Services, Health & Wellness, and Transitional & Supportive Housing divisions. These vast programs range from preschool to Meals on Wheels delivery, job-readiness training to mental health counseling, and supportive housing to theater performances.",Youth 14-24; Adults 25+; Older Adults 50+; justice-involved individuals; SNAP/Employment Program Participants,Community service/volunteer opportunities; Education or training; Food pantry/meal service; Shelter/housing support; Administrative/office support; Arts/recreation; Environmental/park cleanup,"Community Service, Community Engagement, Education, Vocational, Training, Outreach, Public Events, Youth Development, Older Adult Services, Food Distribution, Pantry Services, Facilities/Maintenance","Monday through Sunday, Days/Evenings",All program and administrative sites,"Food Distribution, Maintenance, Outreach, Marketing Assistance, Administrative, Event Support, Community Engagement"
"Hunger Free America, Inc","50 Broad St, Suite 1504, New York, NY 10004",,"50 Broad St, Suite 1504, New York, NY 10004",Manhattan,https://hungerfreeamerica.org,(646) 553-1547,501(c)(3) Nonprofit,"Hunger Free America is a nonpartisan, national Nonprofit group working to enact the policies and programs needed to end domestic hunger and ensure that all Americans have sufficient access to nutritious food.

We are both a direct service and advocacy organization ? with each component strengthening the other. As a direct service provider, we assist low-income families obtain aid from government programs such as the Supplemental Nutrition Assistance Program (SNAP) ? formerly called the Food Stamp program ? and the Special Supplemental Nutrition Program for Women, Infants, and Children (WIC) so that people struggling to pay their bills have access to nutritious food.",SNAP/Employment Program Participants,Community service/volunteer opportunities; SNAP/WIC application assistance,We have a portal of different volunteer opportunities in anti-hunger organizations- https://volunteer.hungerfreeamerica.org We also have a virtual opportunity to assist Hunger Free America with updating our database of food programs.,Flexible,Various locations around NYC with partners on our portal https://volunteer.hungerfreeamerica.org or virtually with Hunger Free America,Opportunities available on our portal https://volunteer.hungerfreeamerica.org are typically assisting in a local food pantry. Our Data Detectives role is virtual and involves updating our database of food programs by placing calls to update information on our national database of pantries/soup kitchens. Training and a guide for the task are provided.
"Hunger Free America, Inc","938 Sheridan Ave, Bronx, NY, 10451",,"938 Sheridan Ave, Bronx, NY, 10451",Manhattan,https://hungerfreeamerica.org,(646) 553-1547,501(c)(3) Nonprofit,"Hunger Free America is a nonpartisan, national Nonprofit group working to enact the policies and programs needed to end domestic hunger and ensure that all Americans have sufficient access to nutritious food.

We are both a direct service and advocacy organization ? with each component strengthening the other. As a direct service provider, we assist low-income families obtain aid from government programs such as the Supplemental Nutrition Assistance Program (SNAP) ? formerly called the Food Stamp program ? and the Special Supplemental Nutrition Program for Women, Infants, and Children (WIC) so that people struggling to pay their bills have access to nutritious food.",SNAP/Employment Program Participants,Community service/volunteer opportunities; SNAP/WIC application assistance,We have a portal of different volunteer opportunities in anti-hunger organizations- https://volunteer.hungerfreeamerica.org We also have a virtual opportunity to assist Hunger Free America with updating our database of food programs.,Flexible,Various locations around NYC with partners on our portal https://volunteer.hungerfreeamerica.org or virtually with Hunger Free America,Opportunities available on our portal https://volunteer.hungerfreeamerica.org are typically assisting in a local food pantry. Our Data Detectives role is virtual and involves updating our database of food programs by placing calls to update information on our national database of pantries/soup kitchens. Training and a guide for the task are provided.
International Youth Charity Foundation,"10 Amboy Street, Brooklyn NY 11212",Charity,"10 Amboy Street, Brooklyn NY 11212",Brooklyn,https://internationalyouthcharityfoundation.org,(718) 346-4760,Community-Based Organization,"The International Youth Charity Foundation (IYCF) is committed to empowering young people and strengthening communities through education, sports, development, social programs, and humanitarian support. Our mission is to create opportunities for youth to reach their full potential by providing access to resources, mentorship, and community-based initiatives that promote leadership, personal growth, and sustainable development.
We strive to uplift vulnerable populations, reduce social inequality, and inspire the next generation to become responsible global citizens who contribute positively to their communities.

ORGANIZATIONAL SUMMARY

The International Youth Charity Foundation is a Nonprofit, community-based organization dedicated to improving the lives of young people and underserved communities locally and internationally. The foundation focuses on youth empowerment through programs in educational support, sports development, community outreach, and social assistance initiatives.
Our organization works in partnership with community leaders, government agencies, private-sector partners, and volunteers to implement impactful programs that address key social challenges such as youth unemployment, lack of educational resources, and limited access to recreational opportunities.

Through initiatives such as youth sports programs, educational support, food and relief distribution, and community development projects, the International Youth Charity Foundation aims to foster positive social change and create pathways for young people to succeed.

The foundation operates with a strong commitment to transparency, accountability, and sustainable community development while promoting unity, leadership, and opportunity for youth across diverse communities.",Youth 14-24,Community service/volunteer opportunities; Arts/recreation; Education or training,"Key Objectives

1. Youth Development
Provide programs that empower young people through leadership training, mentorship, and life skills
development.
2. Education Support
Assist disadvantaged students with educational resources, school supplies, scholarships, and tutoring
initiatives.
3. Sports Development
Promote sports as a tool for youth development, discipline, and community engagement.
4. Community Outreach
Provide food assistance, relief programs, and community support initiatives to vulnerable families.
5. Social And Economic Empowerment
Promote entrepreneurship and vocational training opportunities for young people.","Hours of operation is 7 days per week, 8: 30 am to 5: 30 Pm and client participation is 9am to 5Pm",service take place at different location by visiting clients.,"participant activities is to visit clients and get information on their issues and get resources for them, or set up work shop at different locations."
Jacob A. Riis Neighborhood Settlement,"10-25 41st Avenue, Long Island City, NY 11101",,"10-25 41st Avenue, Long Island City, NY 11101",Queens,https://riissettlement.org,(718)784-7447,501(c)(3) Nonprofit,"Jacob A. Riis Neighborhood Settlement (Riis Settlement) is a Nonprofit, community-based organization providing comprehensive, integrated social services to the low-income youth, seniors, immigrants, and families of western Queens.

Our mission is to build and strengthen underserved communities and act as a catalyst for change. Working in the tradition of the settlement house, we prioritize embeddedness, reciprocity, community-building, multiple points of entry, and wraparound, integrated service.",Youth 14-24; Adults 25+; Older Adults 50+,Community service/volunteer opportunities; Food pantry/meal service; Administrative/office support; Arts/recreation; ESOL and Citizenship classes,Riis offers a limited number of volunteer opportunities that range from supporting our clothing and meal distributions to assisting students in our ESOL classes as conversation partners. Opportunities change throughout the year depending on the needs of our programs and community. https://www.riissettlement.org/volunteer/,"Riis Settlement operates Monday through Friday, 9: 00 a.m. to 5: 00 p.m., although hours may vary by program.","Riis Settlement Community Center: 10-25 41st Avenue, Long Island City, NY 11101",See Q.16
Jewish Association for Services for the Aged,"247 West 37th St. 9th fl, New York, NY 10018",JASA,"247 West 37th St. 9th fl, New York, NY 10018",Manhattan,https://jasa.org,(718) 365-4420,501(c)(3) Nonprofit,"JASA is the go-to agency serving older adults in New York City, providing critical services to over 40, 000 people annually. Founded 50+ years ago, JASA is a leading expert and innovator in aging services that recognizes the diversity among the aging population and honors older adults as vital members of society.
JASA?s life-changing support services, interventions and partnerships promote aging with a purpose and provide autonomy for older adults to remain in their homes and communities. JASA operates ten affordable housing properties, is a licensed home care agency and offers a breadth of integrative services citywide spanning free legal services, health and mental health services, home-delivered meals, social programming at senior centers and community trainings on elder abuse, peer health support, caregiver assistance and more.",Older Adults 50+,Food pantry/meal service; Community service/volunteer opportunities; Shelter/housing support; Arts/recreation,"JASA?s life-changing support services, interventions and partnerships promote aging with a purpose and provide autonomy for older adults to remain in their homes and communities. JASA offers a uniquely comprehensive range of programs to meet the needs and preferences of older adults throughout New York City. The agency maximizes opportunities for fulfillment and safety in the community with strength-affirming programs that help older adults of diverse ethnicities, cultures, language preferences and physical abilities live better lives in their homes and communities. JASA is built on three pillars: affordable senior housing, homecare and community-based services.
Within its extensive services continuum, JASA sponsors older adult centers, case management, information and referral line, home-delivered meals, NYS OMH Article 31 licensed mental health services, health home services, caregiver support, legal services, health care management support, elder abuse prevention, NORC supportive services, adult protective services, and community guardian services. JASA also engages older adults and other individuals in a wide variety of meaningful volunteer opportunities.",varies by program type,sites across NYC,varies by program/site
Kings Bay YM-YWHA,"3495 Nostrand Avenue, Brooklyn, New York 11229",,"3495 Nostrand Avenue, Brooklyn, New York 11229",Brooklyn,https://kingsbayy.org,(718) 648-7703 x229,501(c)(3) Nonprofit,"Kings Bay YM-YWHA strives to build and strengthen communities, create meaningful relationships and lasting friendships, and foster deeper connections among individuals, families, and partner institutions in Brooklyn.

From our flagship base in southern Brooklyn, where we operate a successful full-service community center, to our more recent inroads in Brownstone Brooklyn and North Brooklyn under the JCC Brooklyn umbrella, the Kings Bay Y has remained true to its 60-year-old mission.",Youth 14-24; Adults 25+; Older Adults 50+,Administrative/office support; Food pantry/meal service; Education or training; Community service/volunteer opportunities; Arts/recreation,"Administrative tasks, Helping Food Pantry, Community Events,",46061,"3495 Nostrand Avenue, Brooklyn NY 11229",Opportunities are almost always available
Manna of Life Ministries Inc,"1101 Boston Road, Bronx, NY 10456",Manna of Life Ministries Food Pantry and Soup Kitchen,"1101 Boston Road, Bronx, NY 10456",Bronx,https://mannaoflife.org,(917) 562-9631,501(c)(3) Nonprofit,"Manna of Life Ministries, Inc. is a not-for-profit faith based program dedicated to serving the homeless and destitute. Our goal is to address their immediate hunger needs and ultimately, to empower them to reverse their current situation.",Youth 14-24; Adults 25+; Older Adults 50+; justice-involved individuals; Individuals with disabilities; SNAP/Employment Program Participants,Community service/volunteer opportunities; Administrative/office support; Food pantry/meal service,"Volunteer service opportunities include checking in clients, data entries, serving & making sandwiches, assisting in the garden, general maintenance (breaking boxes, cleaning, sweeping, mopping, dusting, organizing), stock work (taking inventory, moving boxes up to 50 pounds, etc.,,) making pantry bags, assisting in the kitchen, giving out food, clothing and supplies to the community, etc...","We are currently open Wednesday, Thursday and Saturdays from 6: 30 am-10: 30 am, however we would like to open Tuesdays-Saturdays from 6: 30 am to 12: 30 am, if we get help.","1101 Boston Road, Bronx, NY 10456","We would like to have a minimum of 3 volunteers daily from 6: 30 am-11: 30 am.
Duties: Light Office Work (checking in clients, data entries),
Building Maintenance (breaking boxes, cleaning, sweeping, mopping, dusting, organizing)
Food & Goods distributions (making pantry bags, assisting in the kitchen, giving out food, clothing and supplies to the community, etc...)
Stock work (taking inventory, moving boxes up to 50 pounds, etc.,)
Gardening (taking care of plants)"
"Mary Mitchell Family and Youth Center, Inc.","2007 Mapes Avenue Bronx, NY 10460",Mary Mitchell Center,"2007 Mapes Avenue Bronx, NY 10460",Bronx,https://themarymitchellfyc.org,(914) 810-4115,501(c)(3) Nonprofit,"The mission of the Center is to improve the lives of youth and families living in the Crotona section of the Bronx through programs that expand opportunities, develop leadership, and build community.",Youth 14-24; Adults 25+; Older Adults 50+; justice-involved individuals,Community service/volunteer opportunities; Food pantry/meal service; Environmental/park cleanup,"We have multiple programs that accept volunteers
1. Pantry and Meal Distribution - Wednesdays between 9 am - 3pm
From 9am - 11am - Prepared meal preparation and distribution to the community
From 11 am - 3pm (or while supplies last) - Pantry setup, distribution, and cleanup

2. Park Cleanup - Saturdays twice a month - from May to June & September to November
From 10 am - 2 pm, Park cleanup at either Mapes Park or Walter Gladwin Park. Dates are posted on our website for each month. The park cleanups include general beautification, litter pickup, mulching, and planting.

3. La Familia Verde Farmers Market - three times a week at 3 different locations and times. Includes helping to setup market, sell produce, connect with community members, learn about our food system and where we source our produce from. Volunteers can also assist with the cleanup and closing of the market, and at the end of the day, if they stood for a full market shift, they get to take produce for free with them.
LFV Farmers Market East Tremont - Tuesdays July 7th - November 10th - 7: 30 am - 3: 30 pm - East Tremont Avenue between Arthur and LaFontaine Avenues
LFV Highbridge Farmers Market - Wednesdays July 8th - November 11th - 8: 30 am - 2: 00pm - 1430 Plimpton Avenue Bronx, NY
LFV Southern Boulevard Market - Thursdays - July 9th - November 12th - 9 am - 2: 30 pm - Location still to be determined.","Tuesday 7: 30am - 3: 30pm, Wednesday 8: 30 am - 2pm, Thursday 9am - 2: 30pm - La Familia Verde Farmers Markets | Pantry and Meal Distributions - Wednesdays 9 am - 3pm | Park Cleanup - Saturdays (2x a month) - 10 am - 2pm","LFV Farmers Market Tuesday - East Tremont & Arthur Avenue/LaFontaine, Meal & Pantry Distribution - 2007 Mapes Avenue Bronx, NY 10460, Park Cleanup - Meet at 2007 Mapes Avenue Bronx, NY 10460 (Cleanups take place at Mapes Park or Walter Gladwin Park)","Assisting with pantry distribution and preparing prepared meals for distributions on Wednesdays - ability to stand for long period of time, ability to lift 30-50lbs, assisting on market days at market locations with general duties including setting up, selling of produce, and cleanup - ability to stand for a long period of time, chairs are provided but we do not always have enough, ability to lift at least 30-50lbs. Park cleanups include beautification, mulching, litter removal, planting."
Meadowseed Initiative,"11 Madison Avenue, New York, NY 10010",Seed tenders,"11 Madison Avenue, New York, NY 10010",Manhattan,,(330) 555-5555,501(c)(3) Nonprofit,To tend to public green spaces by seeding grassy areas with wildflowers.,Individuals with disabilities; Adults 25+,Community service/volunteer opportunities; Education or training,Participants can sign up to volunteer with our staff who travel throughout the city addressing green spaces. Participants will learn the basics of seed planting.,M-W,5 Boroughs,"Travel in organization's van.
Stoop, bend to plant.
Keep notes."
Metropolitan New York Coordinating Council on Jewish Poverty,"1 State St 24th Floor, New York, NY 10004",Met Council Volunteer Services,"1 State St 24th Floor, New York, NY 10004",Manhattan,https://metcouncil.org,(212) 338-1855,501(c)(3) Nonprofit,"Jewish values teach us that we must seek the highest good for the greatest number of people, whether that good is obtained through fresh groceries for a needy family or a change in public policy.
As America?s largest Jewish charity serving the poor, Met Council works to address the most urgent needs of those experiencing poverty, homelessness, domestic violence, or any other crisis while simultaneously using our considerable influence and resources to eliminate the root causes of these hardships at the societal and policy levels. This is how we repair the world.",Youth 14-24; Adults 25+; Older Adults 50+; Individuals with disabilities; SNAP/Employment Program Participants; Immigrant Populations,"Community service/volunteer opportunities; Education or training; Food pantry/meal service; Shelter/housing support; Domestic Violence Support, Benefits Access, Senior Services, Crisis Intervention",Through our food banking and pantry operations we can offer pantry staffing and stocking and food box packing opportunities,TBD but 9am-6pm in 4 hour blocks,"5361 Preston Ct, Brooklyn, NY 11234; 1271 60th St, Brooklyn, NY 11219; other partner locations in Brooklyn, Queens, and Manhattan","Customer Service, Order Fulfillment, Lifting, Organization, Minor paperwork/Filing, Pantry Operations Support"
Metropolitan New York Coordinating Council on Jewish Poverty,"5361 Preston Ct, Brooklyn, NY 11234",Met Council Volunteer Services,"5361 Preston Ct, Brooklyn, NY 11234",Manhattan,https://metcouncil.org,(212) 338-1855,501(c)(3) Nonprofit,"Jewish values teach us that we must seek the highest good for the greatest number of people, whether that good is obtained through fresh groceries for a needy family or a change in public policy.
As America?s largest Jewish charity serving the poor, Met Council works to address the most urgent needs of those experiencing poverty, homelessness, domestic violence, or any other crisis while simultaneously using our considerable influence and resources to eliminate the root causes of these hardships at the societal and policy levels. This is how we repair the world.",Youth 14-24; Adults 25+; Older Adults 50+; Individuals with disabilities; SNAP/Employment Program Participants; Immigrant Populations,"Community service/volunteer opportunities; Education or training; Food pantry/meal service; Shelter/housing support; Domestic Violence Support, Benefits Access, Senior Services, Crisis Intervention",Through our food banking and pantry operations we can offer pantry staffing and stocking and food box packing opportunities,TBD but 9am-6pm in 4 hour blocks,"5361 Preston Ct, Brooklyn, NY 11234; 1271 60th St, Brooklyn, NY 11219; other partner locations in Brooklyn, Queens, and Manhattan","Customer Service, Order Fulfillment, Lifting, Organization, Minor paperwork/Filing, Pantry Operations Support"
Metropolitan New York Coordinating Council on Jewish Poverty,"1271 60th St, Brooklyn, NY 11219",Met Council Volunteer Services,"1271 60th St, Brooklyn, NY 11219",Manhattan,https://metcouncil.org,(212) 338-1855,501(c)(3) Nonprofit,"Jewish values teach us that we must seek the highest good for the greatest number of people, whether that good is obtained through fresh groceries for a needy family or a change in public policy.
As America?s largest Jewish charity serving the poor, Met Council works to address the most urgent needs of those experiencing poverty, homelessness, domestic violence, or any other crisis while simultaneously using our considerable influence and resources to eliminate the root causes of these hardships at the societal and policy levels. This is how we repair the world.",Youth 14-24; Adults 25+; Older Adults 50+; Individuals with disabilities; SNAP/Employment Program Participants; Immigrant Populations,"Community service/volunteer opportunities; Education or training; Food pantry/meal service; Shelter/housing support; Domestic Violence Support, Benefits Access, Senior Services, Crisis Intervention",Through our food banking and pantry operations we can offer pantry staffing and stocking and food box packing opportunities,TBD but 9am-6pm in 4 hour blocks,"5361 Preston Ct, Brooklyn, NY 11234; 1271 60th St, Brooklyn, NY 11219; other partner locations in Brooklyn, Queens, and Manhattan","Customer Service, Order Fulfillment, Lifting, Organization, Minor paperwork/Filing, Pantry Operations Support"
Mount Olive Holiness Church,"277 Eldert Street Brooklyn, NY 11207",,"277 Eldert Street Brooklyn, NY 11207",Brooklyn,https://mtolivechurchbk.org,(718) 451-6791,501(c)(3) Nonprofit,To serve the community in which we are located.,Youth 14-24; Adults 25+; Older Adults 50+; justice-involved individuals; Individuals with disabilities; SNAP/Employment Program Participants,Community service/volunteer opportunities; Food pantry/meal service; Administrative/office support; Arts/recreation; Education or training,Food Pantry currently.,Monday - Friday 9-5pm,"277 Eldert Street Brooklyn, NY 11207","Food pantry, which we have been doing for over 30 years and other community initiatives we are preparing to launch?s"
"New York Cares, Inc.","39 Broadway, 27th Floor, New York, NY 10006",New York Cares,"39 Broadway, 27th Floor, New York, NY 10006",Manhattan,https://newyorkcares.org,(212) 402-1130,501(c)(3) Nonprofit,"New York Cares mobilizes a corps of 66, 000 trained volunteers to meet pressing community needs, including immediate needs (food, coats), and longer term needs (tutoring, college access, career readiness, tax prep, and health and wellness including benefits access). Our staff members have expertise in recruiting, training, and supporting our corps of volunteers on weekly, year-round volunteer projects that serve low-income individuals and families at our partner sites citywide. Our volunteers sign up for projects via our mobile friendly, easy to navigate website.",Low-income individuals and families,Community service/volunteer opportunities,"New York Cares offers a wide range of service opportunities 365 days a year. Projects range from revitalizing parks to sorting donated coats to tutoring students to visiting seniors at nursing homes, and much more. Please see our website where projects are searchable by location, program area, and project type and requirements. www.newyorkcares.org",New York Cares volunteer projects take place between 7 am and 9 pm Monday to Sunday.,New York Cares provides our weekly group volunteer projects (each with a specially trained Team Leader who provides oversight to the other volunteers) at more than 400 Community Partners (fellow Nonprofits and Title I schools).,"Activities and duties are specific to each project but as one example, a revitalization project might include painting part of a school or gardening."
"New York Common Pantry, Inc.","8 E 109th St, New York, NY 10029",New York Common Pantry,"8 E 109th St, New York, NY 10029",Manhattan,https://nycommonpantry.org,(917) 720-9712,501(c)(3) Nonprofit,"New York Common Pantry reduces hunger while promoting dignity, health and self-sufficiency.",Adults 25+; Older Adults 50+; Individuals with disabilities; SNAP/Employment Program Participants,Food pantry/meal service,"Volunteering to pack pantry bags, stock pantry, meal preparation",10-2 Monday - Saturday,"8 East 109th Street, 1290 Hoe Avenue","Taking client orders, packing bags, stocking pantry, preparing meals"
"New York Common Pantry, Inc.","1290 Hoe Avenue, New York, NY",New York Common Pantry,"1290 Hoe Avenue, New York, NY",Manhattan,https://nycommonpantry.org,(917) 720-9712,501(c)(3) Nonprofit,"New York Common Pantry reduces hunger while promoting dignity, health and self-sufficiency.",Adults 25+; Older Adults 50+; Individuals with disabilities; SNAP/Employment Program Participants,Food pantry/meal service,"Volunteering to pack pantry bags, stock pantry, meal preparation",10-2 Monday - Saturday,"8 East 109th Street, 1290 Hoe Avenue","Taking client orders, packing bags, stocking pantry, preparing meals"
New York School of Urban Ministry Inc,31-65 46th Street Astoria NY 11103,,31-65 46th Street Astoria NY 11103,Queens,,(646) 744-6900,501(c)(3) Nonprofit,Provide Transitional housing and faith based studies.,Adults 25+; SNAP/Employment Program Participants,Community service/volunteer opportunities; Administrative/office support,Learning residential assistant skills.,9am-5pm Residence oPEN 24/7,31-65 46th Street Astoria NY 11103,Front desk duties
NYC Department of Health & Mental Hygiene,"42-09 28th St, Long Island City, NY 11101",PHC Ambassadors Program,"42-09 28th St, Long Island City, NY 11101",Queens,,(646) 841-3210,Government Agency,"The New York City Department of Health and Mental Hygiene (DOHMH) will partner with community-based and faith-based organizations (C/FBOs) to implement the Public Health Corps (PHC) Ambassadors Program. The PHC Ambassadors Program seeks to train New Yorkers to volunteer as trusted health messengers, sharing accurate public health information in their communities, and directly addressing misinformation, persistent health inequities, and emerging public health crises.

To achieve this, the DOHMH will partner with C/FBOs across the five boroughs to establish a network of approximately 200 volunteer ambassadors. Building on evidence-based models of community resilience and trusted-messenger frameworks, the C/FBOs will recruit, train, and support volunteers to deliver community outreach, education, and culturally relevant health information. Volunteers will be prepared to serve as rapid responders during public health emergencies by distributing pre-approved health messages, materials, and resources.

The C/FBOs shall engage volunteer New Yorkers residing in priority geographical neighborhoods or areas, as well as individuals with limited English proficiency and individuals enrolled in Medicare or Medicaid. The C/FBOs will also offer services to community members who identify as part of other racial, ethnic, linguistic, or social groups.",Youth 14-24; Adults 25+; Older Adults 50+; justice-involved individuals; Individuals with disabilities; SNAP/Employment Program Participants,Community service/volunteer opportunities; Education or training,Participants have the ability to volunteer as trusted health messengers in their communities. They receive health related trainings. The program seeks to establish a corps of trained volunteers who can be activated during health emergencies. They will deliver accurate and real time information to their communities.,14 hours,Priority Neighborhoods,Not provided
Ocean Bay Community Development Corporation,"434 Beach 54th Street Arverne, N.Y. 11692",,"434 Beach 54th Street Arverne, N.Y. 11692",Queens,https://oceanbaycdc.com,(864) 384-5712,501(c)(3) Nonprofit,"Ocean Bay Community Development Corporation (OBCDC) is dedicated to strengthening and empowering residents of Far Rockaway and surrounding communities by delivering comprehensive, community-driven services that promote housing stability, economic mobility, health equity, youth development, and overall well-being.

For over 25 years, OBCDC has served as a trusted anchor for the Rockaway peninsula, providing wrap-around support to families, youth, and older adults. Through our Older Adult Center, Family Enrichment Center (The B.R.I.D.G.E.), and Ocean Bay Community Center, which houses our Workforce Development programs and Computer Lab, we deliver integrated services that meet residents where they are.

Our work includes housing navigation and rent assistance; benefits and public assistance enrollment; workforce development and career training; volunteer engagement opportunities; youth empowerment and after-school programming; older adult services; civic engagement initiatives; health education and chronic disease prevention; digital and financial literacy; and free transportation services that prioritize access to medical care, food, and other essential resources.",Youth 14-24; Adults 25+; Older Adults 50+; justice-involved individuals; Individuals with disabilities; SNAP/Employment Program Participants; NYCHA residents in the Far Rockaway Community,Community service/volunteer opportunities; Education or training; Shelter/housing support; Administrative/office support; Arts/recreation; Food pantry/meal service,"OBCDC offers voluntary, skill-building services and workforce development opportunities across our Older Adult Center, Family Enrichment Center (The B.R.I.D.G.E.), and Ocean Bay Community Center, which houses our Workforce Development program. Individuals may self-enroll in community service activities that support youth programming, older adult services, food pantry, administrative tasks, flyering and outreach, community events, civic engagement initiatives, and arts and recreation programming. These structured activities can help fulfill engagement or compliance requirements while allowing participants flexibility in selecting opportunities that match their interests and skills.

Participants may also enroll in workforce training programs and earn certifications such as OSHA, Project Management, Cybersecurity, Google Career Certificates, ESL, and GED preparation. Through hands-on experience and career readiness support, individuals build practical skills, strengthen their resumes, and increase employment opportunities.","Offices are open Monday through Friday, from 8: 30 am until 4: 30 p.m. with an opportunity to volunteer at our pantry on alternate weekends from 9 am to Nooon","434 Beach 54th street Arverne, N.Y. 11692, 5717 Shorefront Parkway, Arverne, N.Y. 11692 and 5710 Beach Channel Drive, Arverne, N.Y. 11692","Participants may engage in voluntary service and skill-building activities across OBCDC?s Older Adult Center, Family Enrichment Center (The B.R.I.D.G.E.), and Ocean Bay Community Center. Duties may include:

? Assisting with youth programming and after-school activities
? Supporting older adult services and congregate meal distribution
? Helping with food pantry organization and distribution
? Providing administrative and office support (filing, data entry, outreach calls)
? Flyering and conducting community outreach
? Assisting with community events and workshops
? Supporting housing navigation and resource referrals (non-clinical assistance)
? Participating in civic engagement and community awareness initiatives
? Assisting with arts, recreation, and enrichment activities

Participants are expected to demonstrate professionalism, reliability, punctuality, and respectful communication while completing assigned service hours. Opportunities are structured yet flexible and designed to build transferable workplace skills."
Ocean Bay Community Development Corporation,"5717 Shorefront Parkway, Arverne, NY. 11692",,"5717 Shorefront Parkway, Arverne, NY. 11692",Queens,https://oceanbaycdc.com,(864) 384-5712,501(c)(3) Nonprofit,"Ocean Bay Community Development Corporation (OBCDC) is dedicated to strengthening and empowering residents of Far Rockaway and surrounding communities by delivering comprehensive, community-driven services that promote housing stability, economic mobility, health equity, youth development, and overall well-being.

For over 25 years, OBCDC has served as a trusted anchor for the Rockaway peninsula, providing wrap-around support to families, youth, and older adults. Through our Older Adult Center, Family Enrichment Center (The B.R.I.D.G.E.), and Ocean Bay Community Center, which houses our Workforce Development programs and Computer Lab, we deliver integrated services that meet residents where they are.

Our work includes housing navigation and rent assistance; benefits and public assistance enrollment; workforce development and career training; volunteer engagement opportunities; youth empowerment and after-school programming; older adult services; civic engagement initiatives; health education and chronic disease prevention; digital and financial literacy; and free transportation services that prioritize access to medical care, food, and other essential resources.",Youth 14-24; Adults 25+; Older Adults 50+; justice-involved individuals; Individuals with disabilities; SNAP/Employment Program Participants; NYCHA residents in the Far Rockaway Community,Community service/volunteer opportunities; Education or training; Shelter/housing support; Administrative/office support; Arts/recreation; Food pantry/meal service,"OBCDC offers voluntary, skill-building services and workforce development opportunities across our Older Adult Center, Family Enrichment Center (The B.R.I.D.G.E.), and Ocean Bay Community Center, which houses our Workforce Development program. Individuals may self-enroll in community service activities that support youth programming, older adult services, food pantry, administrative tasks, flyering and outreach, community events, civic engagement initiatives, and arts and recreation programming. These structured activities can help fulfill engagement or compliance requirements while allowing participants flexibility in selecting opportunities that match their interests and skills.

Participants may also enroll in workforce training programs and earn certifications such as OSHA, Project Management, Cybersecurity, Google Career Certificates, ESL, and GED preparation. Through hands-on experience and career readiness support, individuals build practical skills, strengthen their resumes, and increase employment opportunities.","Offices are open Monday through Friday, from 8: 30 am until 4: 30 p.m. with an opportunity to volunteer at our pantry on alternate weekends from 9 am to Nooon","434 Beach 54th street Arverne, N.Y. 11692, 5717 Shorefront Parkway, Arverne, N.Y. 11692 and 5710 Beach Channel Drive, Arverne, N.Y. 11692","Participants may engage in voluntary service and skill-building activities across OBCDC?s Older Adult Center, Family Enrichment Center (The B.R.I.D.G.E.), and Ocean Bay Community Center. Duties may include:

? Assisting with youth programming and after-school activities
? Supporting older adult services and congregate meal distribution
? Helping with food pantry organization and distribution
? Providing administrative and office support (filing, data entry, outreach calls)
? Flyering and conducting community outreach
? Assisting with community events and workshops
? Supporting housing navigation and resource referrals (non-clinical assistance)
? Participating in civic engagement and community awareness initiatives
? Assisting with arts, recreation, and enrichment activities

Participants are expected to demonstrate professionalism, reliability, punctuality, and respectful communication while completing assigned service hours. Opportunities are structured yet flexible and designed to build transferable workplace skills."
Ocean Bay Community Development Corporation,"5710 Beach Channel Drive, Arverne, NY. 11692",,"5710 Beach Channel Drive, Arverne, NY. 11692",Queens,https://oceanbaycdc.com,(864) 384-5712,501(c)(3) Nonprofit,"Ocean Bay Community Development Corporation (OBCDC) is dedicated to strengthening and empowering residents of Far Rockaway and surrounding communities by delivering comprehensive, community-driven services that promote housing stability, economic mobility, health equity, youth development, and overall well-being.

For over 25 years, OBCDC has served as a trusted anchor for the Rockaway peninsula, providing wrap-around support to families, youth, and older adults. Through our Older Adult Center, Family Enrichment Center (The B.R.I.D.G.E.), and Ocean Bay Community Center, which houses our Workforce Development programs and Computer Lab, we deliver integrated services that meet residents where they are.

Our work includes housing navigation and rent assistance; benefits and public assistance enrollment; workforce development and career training; volunteer engagement opportunities; youth empowerment and after-school programming; older adult services; civic engagement initiatives; health education and chronic disease prevention; digital and financial literacy; and free transportation services that prioritize access to medical care, food, and other essential resources.",Youth 14-24; Adults 25+; Older Adults 50+; justice-involved individuals; Individuals with disabilities; SNAP/Employment Program Participants; NYCHA residents in the Far Rockaway Community,Community service/volunteer opportunities; Education or training; Shelter/housing support; Administrative/office support; Arts/recreation; Food pantry/meal service,"OBCDC offers voluntary, skill-building services and workforce development opportunities across our Older Adult Center, Family Enrichment Center (The B.R.I.D.G.E.), and Ocean Bay Community Center, which houses our Workforce Development program. Individuals may self-enroll in community service activities that support youth programming, older adult services, food pantry, administrative tasks, flyering and outreach, community events, civic engagement initiatives, and arts and recreation programming. These structured activities can help fulfill engagement or compliance requirements while allowing participants flexibility in selecting opportunities that match their interests and skills.

Participants may also enroll in workforce training programs and earn certifications such as OSHA, Project Management, Cybersecurity, Google Career Certificates, ESL, and GED preparation. Through hands-on experience and career readiness support, individuals build practical skills, strengthen their resumes, and increase employment opportunities.","Offices are open Monday through Friday, from 8: 30 am until 4: 30 p.m. with an opportunity to volunteer at our pantry on alternate weekends from 9 am to Nooon","434 Beach 54th street Arverne, N.Y. 11692, 5717 Shorefront Parkway, Arverne, N.Y. 11692 and 5710 Beach Channel Drive, Arverne, N.Y. 11692","Participants may engage in voluntary service and skill-building activities across OBCDC?s Older Adult Center, Family Enrichment Center (The B.R.I.D.G.E.), and Ocean Bay Community Center. Duties may include:

? Assisting with youth programming and after-school activities
? Supporting older adult services and congregate meal distribution
? Helping with food pantry organization and distribution
? Providing administrative and office support (filing, data entry, outreach calls)
? Flyering and conducting community outreach
? Assisting with community events and workshops
? Supporting housing navigation and resource referrals (non-clinical assistance)
? Participating in civic engagement and community awareness initiatives
? Assisting with arts, recreation, and enrichment activities

Participants are expected to demonstrate professionalism, reliability, punctuality, and respectful communication while completing assigned service hours. Opportunities are structured yet flexible and designed to build transferable workplace skills."
One way church of Christ,"216-11 Merrick Blvd, Laurelton, NY 11413",One way church of Christ food pantry,"216-11 Merrick Blvd, Laurelton, NY 11413",Queens,https://onewaychurch.com,(516) 841-8283,501(c)(3) Nonprofit,"To meet the physical, spiritual, and mental needs of individuals empowering them to become an integral person of society.",Youth 14-24; Adults 25+; Older Adults 50+; Individuals with disabilities; SNAP/Employment Program Participants,Community service/volunteer opportunities; Food pantry/meal service; Education or training,"Assist in unpacking, repacking, restocking shelves, assist in client intake, distributing food, cleaning.",Fridays 9am-1pm and Saturdays 10am-1pm,216-11 Merrick Blvd Laurelton ny,See #16 above.
"Opportunities for a Better Tomorrow, Inc.","832 3rd Avenue, Suite 10-10NE, Brooklyn, NY 11232",OBT,"832 3rd Avenue, Suite 10-10NE, Brooklyn, NY 11232",Brooklyn,https://obtjobs.org,(718) 387-1600 x1115,501(c)(3) Nonprofit,"Our mission at Opportunities for a Better Tomorrow (OBT) is to break the cycle of poverty and inequity through education, job training, and employment.",Youth 14-24; Adults 25+; justice-involved individuals; SNAP/Employment Program Participants,Education or training,"We have youth employment programs for 18-24 years offering HSE classes, as well as credential courses in construction, technology, and health care for those with their high school diploma or HSE. We have HSE and ESOL courses for individuals 18 plus who seek to make educational gains in these areas.",Youth Employment 9 AM - 3 PM and Adult Literacy classes from 9 AM to 8 PM,"Sunset Park technology credentialing, construction credentialing; HSE, ESOL and Bushwick ESOL, HSE, health care credenitaling","Attend classes from 2 - 5 days per week depending on track, engage in paid internships in youth employment credentialing tracks, engage in job placement for all tracks"
"Opportunities for a Better Tomorrow, Inc.","25 Thorton Street, Brooklyn, NY 11206",OBT,"25 Thorton Street, Brooklyn, NY 11206",Brooklyn,https://obtjobs.org,(718) 387-1600 x1115,501(c)(3) Nonprofit,"Our mission at Opportunities for a Better Tomorrow (OBT) is to break the cycle of poverty and inequity through education, job training, and employment.",Youth 14-24; Adults 25+; justice-involved individuals; SNAP/Employment Program Participants,Education or training,"We have youth employment programs for 18-24 years offering HSE classes, as well as credential courses in construction, technology, and health care for those with their high school diploma or HSE. We have HSE and ESOL courses for individuals 18 plus who seek to make educational gains in these areas.",Youth Employment 9 AM - 3 PM and Adult Literacy classes from 9 AM to 8 PM,"Sunset Park technology credentialing, construction credentialing; HSE, ESOL and Bushwick ESOL, HSE, health care credenitaling","Attend classes from 2 - 5 days per week depending on track, engage in paid internships in youth employment credentialing tracks, engage in job placement for all tracks"
Opus 1 Foundation,"Next PAGE: 801 Amsterdam Ave. New York, NY 10025",Next PAGE,"Next PAGE: 801 Amsterdam Ave. New York, NY 10025",Manhattan,https://opus1foundation.org; https://nextpageworkshop.com,(845) 596-6748,501(c)(3) Nonprofit,"Opus 1 Foundation is a 501(c)(3) Nonprofit activating systemic, sustainable and scalable solutions to social, economic, and environmental challenges through the power of the arts, advancing opportunities for greater equity, inclusion and innovation worldwide.

Next PAGE is a literacy Nonprofit providing trauma-informed creative writing workshops to incarcerated and formerly incarcerated youth in New York City. The program builds communication skills, supports self-expression and helps participants develop agency over their own stories through structured, arts-based education. By addressing low literacy rates and fostering creative and professional skills, Next PAGE supports pathways toward reentry and long-term stability.",Youth 14-24,Education or training; Arts/recreation,"Next PAGE, under fiscal sponsorship of Opus 1 Foundation, provides structured, supervised community service and workforce development programming through trauma-informed literacy and educational programming for justice-involved youth in New York City.

The participant currently enrolled through PACE is engaged in ongoing, scheduled service at Getting Out and Staying Out (GOSO), where they provide weekly instructional programming and program development support. This work is not informal volunteering, but a structured, skill-based service role that includes the following core responsibilities:

-Planning and facilitating weekly educational workshops for young people (ages 17?24), including lesson design, curriculum development and instructional delivery
-Supporting literacy development, communication skills and workforce readiness through writing-based programming
-Coordinating with program partners (GOSO, Administration for Children?s Services) to align programming with participant needs and institutional requirements
-Tracking attendance, engagement and program outcomes for reporting and evaluation purposes
-Participating in ongoing program development, including adapting curriculum based on student progress and feedback
-Supporting broader program operations, including preparation of materials, documentation and partnership coordination

The participant?s service is supervised through both the host site (GOSO) and the fiscal sponsor (Opus 1 Foundation), with consistent expectations, defined responsibilities and regular participation.

This opportunity directly aligns with ABAWD requirements, as it constitutes structured community service and workforce development activity that builds transferable skills in education, program management, communication, data tracking and partnership coordination.

The participant?s weekly service hours (estimated at 20 hours) are consistent and can be tracked and documented through attendance logs and program records. This work is ongoing and designed to meet or exceed required ABAWD participation thresholds when combined with additional related program development and administrative responsibilities.

Importantly, this service is already being performed at a high level and is central to the participant?s professional development and pathway toward employment in education, Nonprofit programming and workforce development. Recognition of this work toward ABAWD requirements is essential to avoid duplication of service hours and to ensure compliance without disrupting an already structured, supervised and outcomes-driven program.

This is not a supplemental or optional activity, but a core, consistent service role that should be recognized as qualifying community service under ABAWD guidelines.","Next PAGE operates Monday through Friday, with structured on-site programming taking place on Wednesdays at the GOSO site. The participant engages in a combination of on-site instruction and off-site program work, including curriculum development, lesson preparation, instructional delivery, student feedback and program coordination. These activities are performed on a consistent weekly schedule and total approximately 20 or more hours per week. All hours are tied to defined program responsibilities and can be tracked through attendance records, program schedules and deliverables associated with each class cycle.","Next PAGE program operations are based out of its headquarters (801 Amsterdam Ave. New York, NY), with primary on-site service delivery taking place at Getting Out and Staying Out (GOSO), located at 201A East 124th Street, New York, NY. Additional program work, including curriculum development, lesson preparation, editing and administrative coordination, is conducted off-site in alignment with program requirements.","The participant engages in structured, supervised community service activities through Next PAGE programming, including:
-Designing and developing weekly lesson plans and curriculum for literacy-based educational programming
-Facilitating and leading instructional workshops for young people at the GOSO site
-Preparing class materials and coordinating session logistics in advance of each workshop
-Providing individualized feedback on student writing and supporting skill development in literacy, communication and critical thinking
-Tracking attendance, participation and student progress for program evaluation and reporting
-Coordinating with partner organizations (GOSO and Administration for Children?s Services) to align programming with participant needs and institutional requirements
-Participating in ongoing program development, including adapting curriculum and content based on classroom outcomes
-Completing administrative tasks related to program implementation, including documentation, scheduling and communication with partners

All activities are performed on a consistent weekly schedule and are supervised through program leadership and partner organizations. Duties are tied to measurable outputs, including lesson plans, completed workshops and documented student engagement."
Opus 1 Foundation,"201A East 124th Street, New York, NY 10035",Next PAGE,"201A East 124th Street, New York, NY 10035",Manhattan,https://opus1foundation.org; https://nextpageworkshop.com,(845) 596-6748,501(c)(3) Nonprofit,"Opus 1 Foundation is a 501(c)(3) Nonprofit activating systemic, sustainable and scalable solutions to social, economic, and environmental challenges through the power of the arts, advancing opportunities for greater equity, inclusion and innovation worldwide.

Next PAGE is a literacy Nonprofit providing trauma-informed creative writing workshops to incarcerated and formerly incarcerated youth in New York City. The program builds communication skills, supports self-expression and helps participants develop agency over their own stories through structured, arts-based education. By addressing low literacy rates and fostering creative and professional skills, Next PAGE supports pathways toward reentry and long-term stability.",Youth 14-24,Education or training; Arts/recreation,"Next PAGE, under fiscal sponsorship of Opus 1 Foundation, provides structured, supervised community service and workforce development programming through trauma-informed literacy and educational programming for justice-involved youth in New York City.

The participant currently enrolled through PACE is engaged in ongoing, scheduled service at Getting Out and Staying Out (GOSO), where they provide weekly instructional programming and program development support. This work is not informal volunteering, but a structured, skill-based service role that includes the following core responsibilities:

-Planning and facilitating weekly educational workshops for young people (ages 17?24), including lesson design, curriculum development and instructional delivery
-Supporting literacy development, communication skills and workforce readiness through writing-based programming
-Coordinating with program partners (GOSO, Administration for Children?s Services) to align programming with participant needs and institutional requirements
-Tracking attendance, engagement and program outcomes for reporting and evaluation purposes
-Participating in ongoing program development, including adapting curriculum based on student progress and feedback
-Supporting broader program operations, including preparation of materials, documentation and partnership coordination

The participant?s service is supervised through both the host site (GOSO) and the fiscal sponsor (Opus 1 Foundation), with consistent expectations, defined responsibilities and regular participation.

This opportunity directly aligns with ABAWD requirements, as it constitutes structured community service and workforce development activity that builds transferable skills in education, program management, communication, data tracking and partnership coordination.

The participant?s weekly service hours (estimated at 20 hours) are consistent and can be tracked and documented through attendance logs and program records. This work is ongoing and designed to meet or exceed required ABAWD participation thresholds when combined with additional related program development and administrative responsibilities.

Importantly, this service is already being performed at a high level and is central to the participant?s professional development and pathway toward employment in education, Nonprofit programming and workforce development. Recognition of this work toward ABAWD requirements is essential to avoid duplication of service hours and to ensure compliance without disrupting an already structured, supervised and outcomes-driven program.

This is not a supplemental or optional activity, but a core, consistent service role that should be recognized as qualifying community service under ABAWD guidelines.","Next PAGE operates Monday through Friday, with structured on-site programming taking place on Wednesdays at the GOSO site. The participant engages in a combination of on-site instruction and off-site program work, including curriculum development, lesson preparation, instructional delivery, student feedback and program coordination. These activities are performed on a consistent weekly schedule and total approximately 20 or more hours per week. All hours are tied to defined program responsibilities and can be tracked through attendance records, program schedules and deliverables associated with each class cycle.","Next PAGE program operations are based out of its headquarters (801 Amsterdam Ave. New York, NY), with primary on-site service delivery taking place at Getting Out and Staying Out (GOSO), located at 201A East 124th Street, New York, NY. Additional program work, including curriculum development, lesson preparation, editing and administrative coordination, is conducted off-site in alignment with program requirements.","The participant engages in structured, supervised community service activities through Next PAGE programming, including:
-Designing and developing weekly lesson plans and curriculum for literacy-based educational programming
-Facilitating and leading instructional workshops for young people at the GOSO site
-Preparing class materials and coordinating session logistics in advance of each workshop
-Providing individualized feedback on student writing and supporting skill development in literacy, communication and critical thinking
-Tracking attendance, participation and student progress for program evaluation and reporting
-Coordinating with partner organizations (GOSO and Administration for Children?s Services) to align programming with participant needs and institutional requirements
-Participating in ongoing program development, including adapting curriculum and content based on classroom outcomes
-Completing administrative tasks related to program implementation, including documentation, scheduling and communication with partners

All activities are performed on a consistent weekly schedule and are supervised through program leadership and partner organizations. Duties are tied to measurable outputs, including lesson plans, completed workshops and documented student engagement."
PEREZ CAPELLAN HOUSE OF WORSHIP,"551 WEST 157TH STREET, New York, NY 10032",,"551 WEST 157TH STREET, New York, NY 10032",Manhattan,,(347) 444-0653,501(c)(3) Nonprofit,"AN EDUCATIONAL, COMMUNITY SERVICES AND HOUSING DEVELOPMENT.

VISION:

OUR MEMBERS AND FAMILIES AND INDIVIDUALS FACING FINANCIAL HARDSHIP, SEARCHING FOR A PLACE TO DOMICILE AND REST.

VALUES:

THE RIGHT TO LIFE, RIGHT OF USAGE AND THE ENJOYMENT OF LIFE ARE FUNDAMENTAL PRINCIPLES EACH MAN AND WOMAN DESERVES. LIFE IS PRECIOUS AND INVALUABLE AND NO ONE SHOULD BE HOMELESS.

MISSION:

ACQUISITION OF PROPERTY AND LAND TO BUILD AND TO HOUSE THE HOMELESS. TO ASSIST THE FEDERAL, STATE AND LOCAL GOVERNMENT IN BUILDING LOW INCOME AND AFFORDABLE HOMES AND APARTMENT BUILDINGS. TO CREATE JOBS AND BOOST THE ECONOMY.",Adults 25+; Older Adults 50+; justice-involved individuals; Individuals with disabilities; SNAP/Employment Program Participants; ALL OTHERS available,Community service/volunteer opportunities; Education or training; Shelter/housing support; Administrative/office support; Arts/recreation,"SHELTER HOUSING, ARTS AND RECREATION, TRAINING AND EDUCATION. TO LEARN AND EDUCATE THE INDIVIDUALS ABOUT CIVICS AND BUSINESS AND CARRERS PREPARATION.",9AM TO 5PM... ONE DAY PER WEEK CLIENTS PARTICIPATION.,MANHATTAN,VISITS AND ALL APPOINTMENTS SHALL BE DONT WITH THE CLASS ACTIVITIES AS WE ENGAGE IN LEQRNINF AND EDUCATING HOW TO NAVIGATE INFORMATION SUCCESSFULLY.
Philanthropy Leaders,"239 East 5 Street, Brooklyn, NY 11218","Wanllan Mi Wanlle (WMW), meaning ""Help Me, I Help You"" in Fulani,","239 East 5 Street, Brooklyn, NY 11218",Brooklyn,https://philanthropyleaders.org,(646) 262-6124,501(c)(3) Nonprofit,"The mission of Philanthropy Leaders is to promote the right of every person, particularly children, to grow physically and intellectually in a safe, healthy and nurturing environment. Working globally, we identify projects with measurable benefits and mobilize support from donors across borders. Our priority is to meet the needs of poor and disabled children and their families.",Youth 14-24; Adults 25+; Migrants,"Community service/volunteer opportunities; Legal, job, education and public benefit referrals","Wanllan Mi Wanlle (WMW) is a mutual aid program. Volunteers known as Navigators provide free assistance across a wide range of needs while also serving as trusted listeners and mentors. Services include helping members access public benefits such as Medicaid, state and NYC identification cards, and English-language programs, as well as referrals to additional community resources. Clients also receive support for civil and criminal legal matters, unfair medical bills, employment authorization applications, small-business aid, and housing information, including apartment-sharing opportunities.","11am to 8pm, Monday - Saturday by appointment","495 Flatbush Ave, Brooklyn, NY 11225","Meet and direct clients at reception. Respond to and direct phone inquiries. Participants can serve as navigators helping migrant clients with everyday matters including finding housing, jobs, education and training opportunities. They can also serve as English conversation partners for the majority of clients who are learning English."
Philanthropy Leaders,"495 Flatbush Ave Brooklyn, NY 11225","Wanllan Mi Wanlle (WMW), meaning ""Help Me, I Help You"" in Fulani,","495 Flatbush Ave Brooklyn, NY 11225",Brooklyn,https://philanthropyleaders.org,(646) 262-6124,501(c)(3) Nonprofit,"The mission of Philanthropy Leaders is to promote the right of every person, particularly children, to grow physically and intellectually in a safe, healthy and nurturing environment. Working globally, we identify projects with measurable benefits and mobilize support from donors across borders. Our priority is to meet the needs of poor and disabled children and their families.",Youth 14-24; Adults 25+; Migrants,"Community service/volunteer opportunities; Legal, job, education and public benefit referrals","Wanllan Mi Wanlle (WMW) is a mutual aid program. Volunteers known as Navigators provide free assistance across a wide range of needs while also serving as trusted listeners and mentors. Services include helping members access public benefits such as Medicaid, state and NYC identification cards, and English-language programs, as well as referrals to additional community resources. Clients also receive support for civil and criminal legal matters, unfair medical bills, employment authorization applications, small-business aid, and housing information, including apartment-sharing opportunities.","11am to 8pm, Monday - Saturday by appointment","495 Flatbush Ave, Brooklyn, NY 11225","Meet and direct clients at reception. Respond to and direct phone inquiries. Participants can serve as navigators helping migrant clients with everyday matters including finding housing, jobs, education and training opportunities. They can also serve as English conversation partners for the majority of clients who are learning English."
"Polonian's Organized to Minister to Our Community, Inc.","66-58 Fresh Pond Rd Ridgewood, NY 11385",POMOC,"66-58 Fresh Pond Rd Ridgewood, NY 11385",Queens,https://pomocnyc.org,(718) 366-5365,501(c)(3) Nonprofit,"Polonians Organized to Minister to Our Community, Inc. (POMOC) has been a trusted community-based organization in New York City for over four decades. Our mission is to improve the quality of life for low-income individuals, immigrants, seniors, persons with disabilities, and youth by providing culturally and linguistically appropriate health, housing, legal, and social services. We empower our clients to achieve self-sufficiency and independence through advocacy, education, and direct support.
We have extensive experience assisting consumers with Medicaid, Medicare, and other public benefits. Our staff routinely helps clients navigate complex health insurance systems, resolve billing issues, and appeal coverage denials. We work closely with the Department for the Aging (DFTA), the Department of Health and Mental Hygiene (DOHMH), and the Community Service Society of New York (CSS).",SNAP/Employment Program Participants; Youth 14-24; Adults 25+; Older Adults 50+; Individuals with disabilities,Community service/volunteer opportunities; Administrative/office support; Shelter/housing support,"POMOC has over 10 years of experience supporting the Managed Care Consumer Assistance Program (MCCAP) and the Access Health Initiative. Our services include:
? Outreach and education on healthcare access and coverage, including Medicare, Medicaid, PCAP, FPEP, ADAP, and CHIP.
? Navigation assistance for New York City residents to understand health coverage options, access services, resolve billing issues, appeal plan decisions, and secure affordable care.
? Support for aged, blind, and disabled (Non-MAGI) consumers with Access NY applications and Medicaid recertifications.
? Application assistance for Extra Help, EPIC, Medicare Savings Program, and enrollment in Medicare Parts A, B, C, D, and Medigap policies.
? Guidance for undocumented immigrants to access free or low-cost care through hospital financial assistance, NYC Care, HHC options, federally qualified health centers, and prescription drug programs.
? Referrals to social support and healthcare-related services within and outside our organization to address broader consumer needs.
We assist with applications for the SNAP, Fair Fare and Affordable Housing Programs.",Monday - Friday 9am -5pm,"66-58 Fresh Pond Rd  Ridgewood, NY 11385","Support community outreach, administrative tasks, and direct service programs that assist individuals and families in need. Duties may include helping with client intake, organizing and partaking in community events, distributing resources and providing general support for Nonprofit operations."
Queens Public Library,"89-11 Merrick Boulevard, Jamaica, NY 11432",Civic Engagement,"89-11 Merrick Boulevard, Jamaica, NY 11432",Queens,https://queenslibrary.org; https://volunteer.queenslibrary.org,(718) 480-4313,501(c)(3) Nonprofit,Queens Public Library transforms lives by cultivating personal and intellectual growth and by building strong communities.,Youth 14-24; Adults 25+; Older Adults 50+,Community service/volunteer opportunities,"Civic Engagement provides a host of service opportunities that support the delivery of core programming, activities, and resources available to the public. This includes Community Library Services, English Conversation, After-School Programming, and Civic Education.",QPL locations are open seven days a week; between the hours of 10: 00am - 8: 00pm (based on day of the week),Services are available throughout the borough of Queens at 66 locations.,Specific activities and duties can be found online at http://volunteer.queenslibrary.org
Rocco's Landscaping and Concrete Service,"48 Orange Ave, Staten Island, NY 10302",Landscaping Program,"48 Orange Ave, Staten Island, NY 10302",Staten Island,https://roccoslandscapingsi.com,(718) 448-3971,Commercial,I am working but I need guidance on your community service.,Adults 25+; All ages,Education or training; Community service/volunteer opportunities; Training fot all individuals,They can train to become varpenterd or construction work,7am to 5pm,All over staten island,Take estimates knock down houses rebuild fix roofs or anything the customer requires
Rockaway Development & Revitalization Coporation (RDRC),"1920 Mott Avenue, Suite 2, Far Rockaway, NY 11691",Rockaway Development & Revitalization Coporation (RDRC),"1920 Mott Avenue, Suite 2, Far Rockaway, NY 11691",Queens,https://rdrc.org,(718) 327-5300,Community-Based Organization,"""To promote the revitalization of Rockaways Economic base and assist residents in securing and improved quality of life.""",Youth 14-24; Adults 25+; Older Adults 50+; justice-involved individuals; Individuals with disabilities; SNAP/Employment Program Participants,Community service/volunteer opportunities; Education or training; Administrative/office support,"RDRC hosts a number of programs for youth and families including, Work Readiness, Cetifications, Training, College Prep, Leadership Development, Financial Counseling, Public Health & Wellness including Mental Wellness.",9: 00am- 6: 00pm,"1920 Mott Avenue, Far Rockaway, NY 11691","Administrative, office assistance."
Rockaway Development & Revitalization Coporation (RDRC),"100-00 Beach Channel Drive, Rockaway Park NY 11691",Rockaway Development & Revitalization Coporation (RDRC),"100-00 Beach Channel Drive, Rockaway Park NY 11691",Queens,https://rdrc.org,(718) 327-5300,Community-Based Organization,"""To promote the revitalization of Rockaways Economic base and assist residents in securing and improved quality of life.""",Youth 14-24; Adults 25+; Older Adults 50+; justice-involved individuals; Individuals with disabilities; SNAP/Employment Program Participants,Community service/volunteer opportunities; Education or training; Administrative/office support,"RDRC hosts a number of programs for youth and families including, Work Readiness, Cetifications, Training, College Prep, Leadership Development, Financial Counseling, Public Health & Wellness including Mental Wellness.",9: 00am- 6: 00pm,"1920 Mott Avenue, Far Rockaway, NY 11691","Administrative, office assistance."
"Russian-speaking Community Council, Inc.","178 Bennett Avenue, 2nd fl., New York NY 10040",RCC,"178 Bennett Avenue, 2nd fl., New York NY 10040",Manhattan,https://rcc-amrusrights.org,(646) 730-7273,501(c)(3) Nonprofit,"Our mission is to help our diaspora overcome the barriers to its successful integration in American society, by advocating for just and humane migration policies with local, national, and international authorities; providing community services; advancing its civic participation and leadership development; and promoting mutual understanding and collaboration with other communities.",Youth 14-24; Adults 25+; Older Adults 50+; SNAP/Employment Program Participants; Immigrants from former Soviet and other countries,Community service/volunteer opportunities; Education or training; Referrals to immigration attorneys and pro se assistance; translation/interpreting,"* Assistance with organizing live, hybrid and online community events; * Participation in immigrant and human rights advocacy
* Assistance with online organizing","Hours vary, typically weekdays 9-10: 30 am and weekends 2-6pm","178 Bennett Avenue, New York NY 10040; and remotely","Assistance with online correspondence, phone calls and event planning"
Sands House inc,"1983 Bedford Avenue Brooklyn, New York 11225",Ubantuu House,"1983 Bedford Avenue Brooklyn, New York 11225",Brooklyn,https://ubantuu.org,(347) 889-3637,501(c)(3) Nonprofit,"SHI Sands House is a community base organization operating as an Inter grated care coordination and workforce?s development hub. The organization addresses health related social needs, workforce instability and economic inequalities by align public health strategy with employment and income stabilization",Individuals with disabilities; justice-involved individuals; Older Adults 50+; Adults 25+; SNAP/Employment Program Participants,Community service/volunteer opportunities; Education or training; Food pantry/meal service; Shelter/housing support; Arts/recreation,"Food and nutrition access; emergency food access, nutrition education.workforce development & vocational training job readiness, skills training, compliance education, certification support and job placement. Care coordination and case management",46301,"1983 Bedford Ave Brooklyn, NY 11225","Training class, groups, participation"
Southside United Housing Development Fund,"145 S 3rd Street Brooklyn, NY 11211",Southside United HDFC- Los Sures,"145 S 3rd Street Brooklyn, NY 11211",Brooklyn,https://southsideunitedhdfc.org,(718) 599-1940,501(c)(3) Nonprofit,"To nurture and sustain a vibrant neighborhood that supports the diverse family life of Williamsburg by advocating for and developing affordable housing, family health and well-being, and equal opportunity for all.",Adults 25+; Older Adults 50+; Individuals with disabilities; SNAP/Employment Program Participants; Low-income families,Community service/volunteer opportunities; Food pantry/meal service; General Social Services; Anti-Violence programs,Los Sures has a Comida Program that includes 3 weekly food pantry distributions. We rely on volunteers to help with the food pantries.,Mondays - 9am-1pm; Tuesdays -8am-12pm and/or 9am-1pm; Wednesdays - 8am-12pm and/or 9am-1pm,145 So. 3rd St. (main pantry site where all food is delivered & our biggest pantry); 353 So. 3rd St. (satellite pantry); 80 Clymer St. (satellite pantry),"Work as part of a volunteer team to receive food deliveries, utilize carts and elevators to bring food to storage room and stock shelves; prep bins with food for the distributions; pack pantry bags as needed; distribute food at pantry; load van for satellite distributions; clean up after panatry, and break down boxes for recycling."
Steuben County Community Mental Health Center,"115 Liberty Street, Bath New York 14810",Steuben County PROS Program,"115 Liberty Street, Bath New York 14810",Manhattan,https://steubencountyny.gov,(607) 664-2348,Government Agency,"The mission of Steuben County PROS program is to provide a supportive, flexible, person centered, and goal driven recovery program to assist participants with mental health diagnosis to attain stabilization and work through the recovery process to attain life goals. The program focuses on developing and building skills related to relationships, communication, stress management, navigating systems, self-esteem, employment, educational explorations, employment skill building, and day to day life in a safe environment based on identified goals.",Adults 18 on older with Mental Health diagnosis and needs,Community service/volunteer opportunities; Education or training; employment skills building/employment support,"Participants receive 1: 1 supports with employment specialist; groups focused on building skills to assist with job readiness; hands on experience with building skills that are applicable in the employment field; volunteer work; Supports, guidance, and assistance engaging in educational supports including connection to GED, enrollment in vocational programs, and enrollment in college; 1: 1 with recovery specialist to manage mental health symptomology; and groups focused on mental health symptomology creating barriers to functioning in day to day life.",Monday - Friday 8: 30-4: 30; Participants schedule 9: 30-3: 30 but varies based on individual needs,"115 Liberty Street, Bath NY 14810 and in the community based on need",Participate in 1: 1 meetings with Employment Specialist and Recovery Specialist; participate in scheduled groups individuals chose and complete assignments
Sunnyside Community Services,"43-31 39th Street, Sunnyside, NY 11104",Development,"43-31 39th Street, Sunnyside, NY 11104",Queens,https://scsny.org,(718) 784-6173,501(c)(3) Nonprofit,"Sunnyside Community Services (SCS) is a community-based Nonprofit centered on the belief that every person deserves meaningful support to achieve their aspirations ? especially struggling families and individuals. SCS serves a diverse community of over 16, 000 people of all ethnicities and income levels throughout Queens with programs that range from pre-K to college and career readiness, home care and home health aide training, Beacon and Cornerstone community centers for children and families, a vibrant older adult center and full range of services for at-risk older people including social adult day care for individuals with Alzheimer?s, and a city-wide program of supportive services for those who care for them.",Youth 14-24; Adults 25+; Older Adults 50+; justice-involved individuals; SNAP/Employment Program Participants; Individuals with disabilities,Community service/volunteer opportunities; Administrative/office support,"Participants will have the opportunity to be in these roles:
Older Adult Center Associate - working primarily in our older adult center
Nursing Department Associate - Collecting data from health institutions and clients to process for our providers
Facilities Associate - Working with our facilities department to maintain a clean building
Adult Day Services Associate - working with older adults that have early onset Dementia and Alzheimer's
Care Connections Associate - Centralized intake center for older adults clients calling for services","Monday through Friday, 9-5pm","43-31 39th Street, Sunnyside, NY 11104","Volunteers will have a range of duties depending on their placement. In our older adult center, participants will greet and sign-in guests, serve lunch and collect data for our funders.
For Adult Day Services, participants will work directly with clients and collect data.
Facilities, tasks range from cleaning to painting and restocking restrooms.
Nursing and Care connections, participants will call clients and upload data to our systems"
Sunnyside Community Services,"52-41 Center Boulevard, Long Island City, NY 11101",Development,"52-41 Center Boulevard, Long Island City, NY 11101",Queens,https://scsny.org,(718) 784-6173,501(c)(3) Nonprofit,"Sunnyside Community Services (SCS) is a community-based Nonprofit centered on the belief that every person deserves meaningful support to achieve their aspirations ? especially struggling families and individuals. SCS serves a diverse community of over 16, 000 people of all ethnicities and income levels throughout Queens with programs that range from pre-K to college and career readiness, home care and home health aide training, Beacon and Cornerstone community centers for children and families, a vibrant older adult center and full range of services for at-risk older people including social adult day care for individuals with Alzheimer?s, and a city-wide program of supportive services for those who care for them.",Youth 14-24; Adults 25+; Older Adults 50+; justice-involved individuals; SNAP/Employment Program Participants; Individuals with disabilities,Community service/volunteer opportunities; Administrative/office support,"Participants will have the opportunity to be in these roles:
Older Adult Center Associate - working primarily in our older adult center
Nursing Department Associate - Collecting data from health institutions and clients to process for our providers
Facilities Associate - Working with our facilities department to maintain a clean building
Adult Day Services Associate - working with older adults that have early onset Dementia and Alzheimer's
Care Connections Associate - Centralized intake center for older adults clients calling for services","Monday through Friday, 9-5pm","43-31 39th Street, Sunnyside, NY 11104","Volunteers will have a range of duties depending on their placement. In our older adult center, participants will greet and sign-in guests, serve lunch and collect data for our funders.
For Adult Day Services, participants will work directly with clients and collect data.
Facilities, tasks range from cleaning to painting and restocking restrooms.
Nursing and Care connections, participants will call clients and upload data to our systems"
SUNY ATTAIN LAB@POLO GROUNDS,"2965 FREDERICK DOUGLASS BLVD, NEW YORK, NY 10039",SUNY ATTAIN LAB@POLO GROUNDS,"2965 FREDERICK DOUGLASS BLVD, NEW YORK, NY 10039",Manhattan,https://pgc.sunyattain.org,(646) 329-6898,Community-Based Organization,"The SUNY ATTAIN (Advanced Technology Training and Information Networking) lab's mission is to bridge the digital divide by offering free technology, academic, and career training to communities across New York, empowering residents with essential digital literacy, computer skills (like Microsoft Office), and vocational certifications to improve their employability and career prospects in a tech-driven world.",Individuals with disabilities; justice-involved individuals; Older Adults 50+; Adults 25+; SNAP/Employment Program Participants; 17 yrs and older,Community service/volunteer opportunities; Education or training,"SUNY ATTAIN (Advanced Technology Training and Information Networking) labs offer free, community-based tech training for digital literacy, academic skills (like GED prep), and career development (C.N.A.), providing self-paced online courses, certifications (Microsoft, Intuit), language learning (ESL), and job readiness help, all with staff support to bridge the digital divide and improve employability in New York State.",Hours of operation: Monday - Friday 9am - 5 pm/Remote services are also available 7 days a week 24 hours per day (for those with home pcs),"2965 FREDERICK DOUGLASS BLVD, NY, NY 10039",Activities/Duties are as training or courseware dictate
Synthesize,"28 W 132nd St, New York, NY 10037",,"28 W 132nd St, New York, NY 10037",Manhattan,,(412) 628-3908,501(c)(3) Nonprofit,We aim to transform good intentions into good actions by engaging participants with mentors corresponding to their interests. We believe that older adults can thrive in later years when given the right support and resources.,Older Adults 50+,Education or training,"Participants share their ""I hope I can accomplish ____ as a capstone project in my life.
Participants are matched with individuals of all ages who have experience and accomplishments in an aligned area of life for ongoing discussions and mentorship. All matches are given a road map of benchmarks to meet.",According to availability of participants.,Manhattan,"Conversations, and subsequent goal setting and key performance metrics."
Teamtlc NYC,"307 West 54th Street, New York, NY 10019","Teamtlc, The Kindness Center","307 West 54th Street, New York, NY 10019",Manhattan,https://ttlcnyc.org,(917) 974-1592,501(c)(3) Nonprofit,Resources and services for asylum seekers in New York City five years or less,asylum seekers all ages and income levels,"Community service/volunteer opportunities; Administrative/office support; Arts/recreation; Shelter/housing support; Education or training; legal services, health insurance assistance, school support",Our volunteers help by being translators for the guests who do not speak English. They can also work as assistants for any of our programs and participate in training classes.,We are open 3 days a week. Schedules will vary for volunteers,307 West 54th st New York New York 10011,Translation or general assistance
Teamtlc NYC,"75 Hicks Street, Brooklyn, New York, NY 11201","Teamtlc, The Kindness Center","75 Hicks Street, Brooklyn, New York, NY 11201",Manhattan,https://ttlcnyc.org,(917) 974-1592,501(c)(3) Nonprofit,Resources and services for asylum seekers in New York City five years or less,asylum seekers all ages and income levels,"Community service/volunteer opportunities; Administrative/office support; Arts/recreation; Shelter/housing support; Education or training; legal services, health insurance assistance, school support",Our volunteers help by being translators for the guests who do not speak English. They can also work as assistants for any of our programs and participate in training classes.,We are open 3 days a week. Schedules will vary for volunteers,307 West 54th st New York New York 10011,Translation or general assistance
Teamtlc NYC,"410 W 40th St, New York, NY 10018","Teamtlc, The Kindness Center","410 W 40th St, New York, NY 10018",Manhattan,https://ttlcnyc.org,(917) 974-1592,501(c)(3) Nonprofit,Resources and services for asylum seekers in New York City five years or less,asylum seekers all ages and income levels,"Community service/volunteer opportunities; Administrative/office support; Arts/recreation; Shelter/housing support; Education or training; legal services, health insurance assistance, school support",Our volunteers help by being translators for the guests who do not speak English. They can also work as assistants for any of our programs and participate in training classes.,We are open 3 days a week. Schedules will vary for volunteers,307 West 54th st New York New York 10011,Translation or general assistance
The Central Family Life Center,59 Wright Street Staten Island NY 10304,The Central Family Life Center,59 Wright Street Staten Island NY 10304,Staten Island,https://centralfamilylifecenter.org,(929) 791-4610,501(c)(3) Nonprofit,"Central Family Life Center strengthens families and communities by providing comprehensive services that promote personal growth, economic independence, and civic engagement. Through education, workforce development, youth programming, and supportive services, CFLC empowers individuals to overcome barriers and build stable, self-sufficient futures.",Youth 14-24; Adults 25+; Older Adults 50+; justice-involved individuals; Individuals with disabilities; SNAP/Employment Program Participants,Community service/volunteer opportunities; Education or training; Food pantry/meal service; Administrative/office support; Arts/recreation; Environmental/park cleanup,"Central Family Life Center (CFLC) provides comprehensive, community-based programs designed to strengthen families and create pathways to economic stability across Staten Island. Our workforce development initiatives include job readiness training, credentialing programs, career coaching, and direct job placement services. Through youth development programs, we offer after-school support, mentoring, leadership development, and educational enrichment to empower young people academically and socially. CFLC also provides reentry and credible messenger services for justice-impacted individuals, including case management, peer mentoring, and employment pathways. In addition, our family and community support services offer resource navigation, benefits assistance, and food access initiatives to address immediate needs while promoting long-term self-sufficiency. Finally, our senior services engage older adults with programs and access to benefits that support healthy aging and community connection.","Mon-Fri 8am - 6 pm, Sat & Sun 10 am -5pm",59 Wright Street,"Participants engaged with Central Family Life Center (CFLC) are expected to actively contribute to community service, skill-building, and volunteer activities that support both their personal development and CFLC?s programs. Duties may include assisting with youth mentorship, senior services, food distribution, or community events; supporting administrative tasks and program logistics; and serving as a peer or community ambassador. Participants will also attend job readiness workshops, vocational training, and structured skill development sessions to build employable skills. Active participation, timely attendance, and accountability for assigned tasks are required, along with collaboration with staff and peers, application of feedback, and demonstration of professional behaviors such as reliability, communication, and problem-solving. All activities are designed to provide meaningful engagement while contributing to CSP or SEVSP reporting requirements."
"The Doe Fund, Inc.","345 E 102nd St #305, New York, NY 10029","Ready, Willing, and Able","345 E 102nd St #305, New York, NY 10029",Manhattan,https://doe.org,(646) 801-1833,501(c)(3) Nonprofit,"The Doe Fund is dedicated to breaking cycles of homelessness by providing the stability, work opportunities, and supportive services that lead to lasting change.",Adults 25+; Older Adults 50+; justice-involved individuals; Individuals with disabilities; SNAP/Employment Program Participants; We serve adults over 18,Education or training; Shelter/housing support; Arts/recreation; Transitional and temporary employment,"Ready, Willing & Able provides paid transitional work training, transitional housing, workforce development, and comprehensive supportive services.","M - F 9AM - 5PM, indivduals may have a work schedule that includes a weekend or late night.","89 Porter Avenue, Brooklyn, NY 11237. 520 Gates Avenue, Brooklyn, NY 11216. Frederick Douglass Blvd, New York, NY 10039","Participants (trainees) begin with a 30 day orientation which covers the fundamentals of the program as well as mandatory psychosocial classes and computer education classes. After 30 days they are assigned to a route in our Community Improvment Project and begin earning minimum wage and also enroll in mandatory workforce development classes. After 90 days, trainees become temporary employees and enage in full time employment while continuing to work with staff on occupational training opportunities and searching for employment. A trainee becomes a graduate once they have obtained full time permanent employment and housing (if applicable). Once a graduate they are eligible for lifetime support services such as career assistance, training and education opportunities."
Urban Justice Center,"40 Rector St, 9th Floor, New York, NY 10006",Safety Net Project at the Urban Justice Center,"40 Rector St, 9th Floor, New York, NY 10006",Manhattan,https://snp.urbanjustice.org,(646) 602-5648,501(c)(3) Nonprofit,"The Safety Net Project stands at the forefront of the fight to reduce poverty and homelessness and to bolster the social safety net by combining a direct legal and social services, impact litigation, and community organizing.",Older Adults 50+; Adults 25+; SNAP/Employment Program Participants; Individuals with disabilities,Community service/volunteer opportunities,"Members volunteer with our Safety Net Activists program, through which they engage in community outreach, policy work, planning for events and rallies, research, coalition meetings, and other key components of community organizing.",Activities depend on the day/week but generally take place Monday - Friday from 10 am - 6 pm. We have some evening meetings that go until 7: 30 or 8 pm.,"40 Rector St, 9th Fl, New York NY 10006","Call members to inform them of upcoming events, conduct community outreach at food pantries and other locations, research policies/issues related to homelessness and public benefits, prepare for public events such as press conferences and rallies, prepare testimony and talking points for City Council hearings and other meetings, and other organizing activites"
Urban Resource Institute,"205 E 42nd Street 13th Floor New York, NY 10017",Economic Empowerment Program,"205 E 42nd Street 13th Floor New York, NY 10017",Manhattan,https://urinyc.org,(332) 215-0807,501(c)(3) Nonprofit,"To empower individuals, families, and communities, particularly communities of color and other disenfranchised populations, to end cycles of violence, homelessness, poverty, and trauma by increasing safety and resiliency.",Adults 25+; Homeless/Domestic Violence Survivors,Community service/volunteer opportunities; Education or training; Shelter/housing support; Administrative/office support; Career Readiness/Financial Services/Job Support,"The Economic Empowerment program provides one-on-one career readiness coaching, job support, financial services such as credit repair and debt repair, hiring events, and large-group Career Readiness classes where clients participate in classes, get certifications in MS office and Excel, and are provided with a paid internship.","Up to 25 hours per week with classes and paid internships. Specifically 10 hours of classes, 15 hours of internships per week. Classes Monday--Friday 11: 00am--1: 00pm, internships 15 hours per week, depending on clients' schedule.","Economic Empowerment Center, 211 E 43rd Street New York, NY 10017, also various internship locations across NYC area.",Attend all classes and work 15 hours a week performing internship duties at partner sites.
Urban Resource Institute,"211 E 43rd Street, 3rd Floor New York, NY 10017",Economic Empowerment Program,"211 E 43rd Street, 3rd Floor New York, NY 10017",Manhattan,https://urinyc.org,(332) 215-0807,501(c)(3) Nonprofit,"To empower individuals, families, and communities, particularly communities of color and other disenfranchised populations, to end cycles of violence, homelessness, poverty, and trauma by increasing safety and resiliency.",Adults 25+; Homeless/Domestic Violence Survivors,Community service/volunteer opportunities; Education or training; Shelter/housing support; Administrative/office support; Career Readiness/Financial Services/Job Support,"The Economic Empowerment program provides one-on-one career readiness coaching, job support, financial services such as credit repair and debt repair, hiring events, and large-group Career Readiness classes where clients participate in classes, get certifications in MS office and Excel, and are provided with a paid internship.","Up to 25 hours per week with classes and paid internships. Specifically 10 hours of classes, 15 hours of internships per week. Classes Monday--Friday 11: 00am--1: 00pm, internships 15 hours per week, depending on clients' schedule.","Economic Empowerment Center, 211 E 43rd Street New York, NY 10017, also various internship locations across NYC area.",Attend all classes and work 15 hours a week performing internship duties at partner sites.
Verde vida,"2580 Amsterdam Avenue, New York, NY 10040",Pop-up market,"2580 Amsterdam Avenue, New York, NY 10040",Bronx,https://verdevidany.org,(917) 288-6995,501(c)(3) Nonprofit,Fight Hunger using a client choice model,Youth 14-24; Adults 25+; Older Adults 50+,Food pantry/meal service; Community service/volunteer opportunities; Education or training,"Pop-up markets, culinary class and fridge ambassadors",Varies,Ideally PS189M,Assist with produce distribution events and culinary workshops.
Verde vida,"306 Fort Washington Ave, New York, NY 10033",Pop-up market,"306 Fort Washington Ave, New York, NY 10033",Bronx,https://verdevidany.org,(917) 288-6995,501(c)(3) Nonprofit,Fight Hunger using a client choice model,Youth 14-24; Adults 25+; Older Adults 50+,Food pantry/meal service; Community service/volunteer opportunities; Education or training,"Pop-up markets, culinary class and fridge ambassadors",Varies,Ideally PS189M,Assist with produce distribution events and culinary workshops.
VOCAL-NY,"300 Douglass Street, Brooklyn, NY 11217",VOCAL-NY,"300 Douglass Street, Brooklyn, NY 11217",Brooklyn,https://vocal-ny.org,(862) 235-4417,501(c)(3) Nonprofit,"Voices Of Community Activists & Leaders (VOCAL-NY) is a statewide grassroots membership organization that builds power among low-income people affected by HIV/AIDS, the drug war, mass incarceration, and homelessness in order to create healthy and just communities. We accomplish this through community organizing, leadership development, advocacy, direct services, participatory research and direct action.",Youth 14-24; Adults 25+; Older Adults 50+; justice-involved individuals; Individuals with disabilities; SNAP/Employment Program Participants; People who use drugs,Shelter/housing support; Arts/recreation; Environmental/park cleanup; Community service/volunteer opportunities,"We provide harm reduction support for people who are at risk for overdose, including folks who are currently or formerly using opiates & /or stimulants. We have harm reduction supply desk, drop-in center, bathroom, shower, laundry & clothing services, as well as care coordination, clinic with Mt. Sinai, groups.",Monday-Friday 11am to 5pm,"300 Douglass Street, Brooklyn NY 11217","Making harm reduction supply kits, neighborhood litter pick up; organizing donations"
"Women in Need, Inc","1 State Street New York, NY 10004",Income Building Program,"1 State Street New York, NY 10004",Citywide,https://winnyc.org,(646) 988-5650,501(c)(3) Nonprofit,Win supports families in shelter to attain permanent housing by providing essential services and resources to address systemic inequities at the core of the homelessness crisis.,Youth 14-24; Adults 25+; Older Adults 50+; justice-involved individuals; Individuals with disabilities; SNAP/Employment Program Participants; Homeless residing in WIN shelter,Education or training; Food pantry/meal service; Shelter/housing support,"Win?s Income Building Program (IBP) helps clients move from unemployment to employment or advance within their current roles. Clients receive support across four key pillars:

1. Employment Services - Community Service Provider (CSP)
Job search assistance

Career mapping and exploration

Short- and long-term goal setting

Upskilling opportunities

Support with promotions, increased wages, and increased hours

Resume development

Interview preparation

Job fairs

Job retention support

Wardrobe assistance (interviews and employment)

Transportation support

2. Education Services
Guidance on HSE programs, college enrollment, and continuing education

English as a Second Language (ESOL)

Tutoring services

3. Training Services - Community Service Provider (CSP) and/or Self-Enrolled Voluntary Service Provider (SEVSP)
Access to sector-specific training programs (e.g., Security, HHA, CNA, OSHA, Phlebotomy)

In-house training programs, including: Self-Enrolled Voluntary Service Provider (SEVSP). The calendar for 2026 is attached.

Computer Literacy & Job Readiness Training (7-week cycles; 9 hours of class weekly plus up to 3 hours of 1: 1 support)

Barista Training (currently 3 weeks at 35 hours/week; exploring expansion to 5 weeks)

4. Wealth Creation Services - Community Service Provider (CSP)
Financial counseling and budgeting classes

Credit-building support

Partnership with Municipal Credit Union (MCU), including no-fee accounts and a range of financial services

Long-term financial planning

Benefits counseling (SSD/SSDI)

Support with opening bank accounts",Monday-Friday 9-6; Saturday 9-5,At our shelter locations,"Partner with Income Building Specialists on employment services, trainings, education goals."
Zion Tabernacle Fire Baptized Holiness Church of God of the Americas,"105-01 107 Avenue Ozone Park, NY 11417",Zion Tabernacle Food Pantry,"105-01 107 Avenue Ozone Park, NY 11417",Queens,,(718) 717-9993,501(c)(3) Nonprofit,"Our mission is to strengthen families by providing equitable access to food, essential resources, and education that promotes safety, stability, and long term well-being. We operate as a non?zip code specific community hub, offering dignified food distribution, crisis support, and wraparound services to anyone in need?regardless of background or location. Through programs like our weekly food pantry, back to school backpack initiative, and Nourish and Nurture: Safe Sleep Program, we work to reduce hardship, prevent emergencies, and empower families with the tools and knowledge to thrive. We are committed to meeting emerging community needs with compassion, responsiveness, and integrity while building partnerships that expand our reach and deepen our impact.",Youth 14-24; Adults 25+; Older Adults 50+; SNAP/Employment Program Participants; Individuals with disabilities; justice-involved individuals,Community service/volunteer opportunities; Food pantry/meal service; Administrative/office support,"Zion Tabernacle Food Pantry offers structured volunteer service opportunities through its weekly food distribution program and related support services. Participants assist in the preparation, organization, and distribution of food and essential items to individuals and families in need across New York City.

The program operates in a supervised, team-based environment where participants are guided through assigned tasks and provided with clear expectations. Service opportunities include inventory management, food sorting, client check-in support, and distribution assistance. Participants gain hands-on experience in community service, teamwork, and basic operational skills while contributing to a mission that addresses food insecurity and community wellbeing.","The food pantry operates weekly on Tuesdays. Volunteer/Participant Schedule: Tuesdays, approximately 8: 30 AM ? 2: 30 PM Participants are expected to arrive on time and remain for their scheduled shift Breaks are provided as appropriate Additional opportunities for participation may be available for: Special events (e.g., holiday distributions, backpack program) Training or orientation sessions (scheduled as needed)","105-01 107 Avenue Ozone Park, NY 11417","Sorting, organizing, and packing food items and pantry supplies
Assisting with inventory management and restocking
Preparing food packages for distribution
Supporting client check-in and flow during distribution
Assisting with set-up and clean-up of pantry space
Maintaining a clean, safe, and organized environment
Providing respectful and courteous interaction with clients and team members
Following instructions and adhering to pantry guidelines and safety procedures"
